08797840	_has_part	08798195
00617413	_hypernym	00800930
10754449	_hypernym	09977660
05546540	_has_part	05341920
00371955	_derivationally_related_form	04070727
12327022	_hypernym	13121544
13966007	_derivationally_related_form	10328782
01153861	_synset_domain_topic_of	06148148
14724025	_derivationally_related_form	00573671
00522068	_derivationally_related_form	09804230
01044084	_derivationally_related_form	10198602
01874784	_member_meronym	01874928
12627526	_hypernym	12626353
10310903	_derivationally_related_form	00828336
00454237	_hypernym	00453935
00049197	_hypernym	00047945
02710673	_derivationally_related_form	13903387
01498319	_hypernym	01494310
08340153	_member_meronym	08347704
08775784	_has_part	08775597
05934278	_derivationally_related_form	00514069
12501745	_member_meronym	12536665
02652590	_derivationally_related_form	13124654
00447073	_derivationally_related_form	01939174
12233759	_hypernym	11575425
11911591	_member_meronym	11963755
05794403	_derivationally_related_form	00894738
04683600	_hypernym	04683453
01311520	_has_part	01271428
01918010	_hypernym	08107499
02499312	_derivationally_related_form	00207761
13286099	_hypernym	13285176
05020981	_hypernym	05020358
02267644	_member_meronym	02267826
12339319	_member_meronym	12339526
12540250	_hypernym	12539306
08860123	_member_of_domain_region	01891638
01960779	_hypernym	01958615
00759186	_derivationally_related_form	01193099
05573602	_has_part	05278395
12623368	_member_meronym	12623524
12039743	_member_meronym	12079737
11766609	_member_meronym	11771383
02423787	_member_meronym	02425228
06295235	_member_of_domain_usage	03234164
07712559	_derivationally_related_form	00322151
00575365	_derivationally_related_form	00635794
04505036	_hypernym	03007591
01709278	_member_meronym	01709484
01538469	_derivationally_related_form	04682462
03764822	_hypernym	04520170
13659162	_hypernym	13649268
07298154	_derivationally_related_form	01126051
00306314	_derivationally_related_form	05202497
13243261	_derivationally_related_form	10110287
05001867	_derivationally_related_form	00389238
01400856	_derivationally_related_form	05539454
07241205	_hypernym	07238694
12613968	_hypernym	11556857
07364434	_hypernym	07364115
05461179	_has_part	05328232
15241777	_hypernym	15239292
00336831	_derivationally_related_form	05697363
14868564	_derivationally_related_form	01458664
02461701	_member_meronym	02461830
03343354	_hypernym	03945615
12189293	_hypernym	11575425
00015498	_derivationally_related_form	00858377
01713310	_member_meronym	01713635
02151700	_derivationally_related_form	10633450
10126177	_derivationally_related_form	00240754
00331102	_hypernym	00280586
03606572	_hypernym	03611590
00853649	_hypernym	00847340
04526520	_has_part	04526800
01084331	_hypernym	01111816
01631035	_member_meronym	01631175
05779116	_has_part	06754184
08179879	_derivationally_related_form	02649830
09112282	_has_part	09113762
01911511	_hypernym	08103777
06000400	_hypernym	05999797
12216028	_hypernym	11567411
13523661	_derivationally_related_form	03002351
14706749	_hypernym	14618253
15171857	_has_part	15298011
08772307	_instance_hypernym	08524735
05405751	_hypernym	05404728
03044934	_hypernym	04148054
08851500	_instance_hypernym	08524735
12715569	_member_meronym	12715914
03111690	_hypernym	03907654
01431879	_hypernym	01431230
09964411	_derivationally_related_form	02675701
07755411	_hypernym	07705931
12522678	_hypernym	12522188
07538395	_derivationally_related_form	01232298
01896031	_derivationally_related_form	00094312
05059830	_hypernym	05059132
11963932	_hypernym	11672400
08956140	_instance_hypernym	08633957
09355850	_derivationally_related_form	01834896
01429455	_derivationally_related_form	00914929
01431879	_derivationally_related_form	00138599
12957467	_member_meronym	12957608
14980784	_hypernym	14980579
10785333	_derivationally_related_form	00495998
13658657	_has_part	13658496
01331689	_derivationally_related_form	04432662
04372171	_derivationally_related_form	01411630
02373785	_derivationally_related_form	00156101
09889170	_hypernym	10605985
11511765	_hypernym	11449002
02490964	_member_meronym	02491107
08929922	_member_of_domain_region	01271428
03339296	_hypernym	04605726
03795976	_has_part	03637027
05088804	_derivationally_related_form	02032934
13512036	_derivationally_related_form	00344174
00014201	_hypernym	00010054
12005500	_member_meronym	12005656
02654256	_member_meronym	02654609
00739632	_synset_domain_topic_of	08441203
00434919	_hypernym	00434374
08244747	_member_meronym	10119953
02942699	_has_part	03189083
01665081	_hypernym	01651444
02235761	_hypernym	01759182
11952153	_hypernym	11579418
03028079	_has_part	03004824
00252430	_derivationally_related_form	00455529
04169437	_hypernym	04372370
12574727	_member_meronym	12574866
03491724	_derivationally_related_form	02485631
00751779	_hypernym	00751145
01233156	_hypernym	01230965
13944914	_derivationally_related_form	02426799
03466162	_hypernym	03773504
01972017	_hypernym	01762525
04730580	_hypernym	04728068
00327824	_derivationally_related_form	01877620
03724417	_derivationally_related_form	00331082
06073888	_hypernym	06115476
01570935	_derivationally_related_form	13123431
06154464	_hypernym	04929422
08032594	_instance_hypernym	08392137
06433249	_instance_hypernym	06394865
06593803	_member_meronym	06596978
11860801	_member_meronym	11861021
01357831	_also_see	00715541
03928116	_has_part	03318983
14852913	_hypernym	14852450
01336587	_also_see	00439588
14213199	_hypernym	14052046
13631687	_hypernym	13601596
13913427	_derivationally_related_form	02686952
11924330	_member_meronym	11924445
11835451	_member_meronym	11835568
01948573	_derivationally_related_form	10127273
10511069	_hypernym	10569744
10826352	_instance_hypernym	09765278
01381399	_member_meronym	01382273
12995724	_hypernym	08220891
12194776	_member_meronym	12200315
02535896	_derivationally_related_form	00234423
04975340	_derivationally_related_form	00366691
05617107	_hypernym	05616786
05941210	_hypernym	05941037
02835887	_derivationally_related_form	06106502
08791167	_has_part	08792083
02191311	_hypernym	02190632
07866571	_hypernym	07842753
01235355	_hypernym	01211699
02607909	_derivationally_related_form	10373801
01643092	_hypernym	01626600
07298982	_hypernym	07298154
08502171	_has_part	08500433
14060256	_hypernym	14052403
09503282	_derivationally_related_form	00776988
11456273	_synset_domain_topic_of	06070929
08871007	_has_part	08879388
01707925	_derivationally_related_form	00939818
01558883	_derivationally_related_form	09437369
01015104	_hypernym	01014821
03450018	_derivationally_related_form	02511551
13144303	_member_meronym	13148019
11654438	_hypernym	13108841
03428805	_hypernym	04179385
07650792	_derivationally_related_form	01176079
08779504	_has_part	08780018
02071837	_hypernym	00173338
00192910	_derivationally_related_form	02269767
06295235	_member_of_domain_usage	06363778
00617095	_derivationally_related_form	01985247
12860254	_member_meronym	12860365
01500082	_hypernym	01494310
09813696	_synset_domain_topic_of	06148148
01959927	_synset_domain_topic_of	00299217
01868258	_hypernym	01877355
01413173	_hypernym	01400044
09885676	_hypernym	10307234
00007328	_hypernym	00001740
01949817	_member_meronym	01949973
01748560	_member_meronym	01748906
09889170	_derivationally_related_form	06403969
06335532	_has_part	06335162
10143172	_hypernym	10102369
00331102	_derivationally_related_form	01855155
06781581	_hypernym	06780882
07049713	_derivationally_related_form	09980090
05288091	_has_part	05582305
03049457	_hypernym	04105893
08730550	_has_part	08731057
02116959	_member_meronym	02117369
01051082	_derivationally_related_form	01888295
12968882	_member_meronym	12969670
00207761	_hypernym	00206302
04048075	_has_part	04433585
12485122	_member_meronym	12485811
11204962	_instance_hypernym	09807075
09071690	_has_part	09454265
06972090	_hypernym	06971872
07527352	_derivationally_related_form	01366718
03788195	_has_part	03762434
10760340	_derivationally_related_form	02400760
10250527	_hypernym	09610405
10876798	_instance_hypernym	10347593
00881441	_hypernym	00880662
02580055	_hypernym	01432517
04402580	_hypernym	03261776
01034932	_derivationally_related_form	10659571
00242205	_hypernym	00241689
12836663	_hypernym	11579418
02394183	_hypernym	02410855
02501101	_member_meronym	02501275
10654015	_derivationally_related_form	06350127
00371051	_derivationally_related_form	04070727
02835915	_hypernym	04161358
11856981	_member_meronym	11860801
03024420	_derivationally_related_form	08969291
02310895	_also_see	01233347
02951358	_derivationally_related_form	01947543
03033362	_has_part	03024518
14947807	_hypernym	14696793
07169848	_derivationally_related_form	00751567
12224309	_member_meronym	12224522
12758639	_member_meronym	12761123
01876667	_hypernym	01876326
15037664	_hypernym	08622950
02987047	_derivationally_related_form	00373766
00652659	_derivationally_related_form	01745536
01425348	_hypernym	01494310
11706761	_hypernym	12651821
09023321	_has_part	09435065
01645421	_hypernym	01642437
13913427	_synset_domain_topic_of	06000644
03754979	_hypernym	02718469
02198332	_member_meronym	02198996
12501745	_member_meronym	12533588
08860123	_member_of_domain_region	07897200
02873839	_hypernym	03049457
08424951	_hypernym	07974025
10229721	_hypernym	10034906
00677808	_derivationally_related_form	01528821
00522145	_hypernym	00521562
04356056	_hypernym	04272054
10373801	_hypernym	10372373
06449735	_has_part	06436443
04682462	_derivationally_related_form	01538469
01697837	_hypernym	01657723
00277399	_derivationally_related_form	06503224
01465994	_member_meronym	01467180
02116777	_derivationally_related_form	00866606
14814616	_hypernym	14686352
01233347	_also_see	02310895
01730799	_derivationally_related_form	03024064
01225997	_derivationally_related_form	00617413
02657805	_member_meronym	02658670
02168542	_member_meronym	02168699
00773402	_hypernym	00774107
00520881	_derivationally_related_form	14641397
00948071	_derivationally_related_form	09904057
08289449	_hypernym	08289089
07298154	_derivationally_related_form	00725274
00573932	_derivationally_related_form	14724025
01243661	_derivationally_related_form	00125436
10380672	_derivationally_related_form	00828901
01952162	_hypernym	01342529
11199727	_instance_hypernym	10072708
02400760	_derivationally_related_form	00181781
00346991	_also_see	00583239
04083468	_hypernym	00021939
01710348	_hypernym	01656813
01679433	_derivationally_related_form	03420440
02447021	_hypernym	02445715
06682494	_derivationally_related_form	00424691
12073410	_hypernym	11556857
10347446	_hypernym	10347593
11770013	_member_meronym	11770256
09023321	_member_of_domain_region	07916970
11151189	_instance_hypernym	10315837
01892608	_derivationally_related_form	07350401
02533075	_derivationally_related_form	01315581
13627327	_hypernym	13601596
10620758	_derivationally_related_form	06151693
10619176	_derivationally_related_form	06218459
01415585	_hypernym	01400044
11766609	_member_meronym	11770013
11743570	_member_meronym	11743772
00206302	_derivationally_related_form	02503803
09788237	_hypernym	09774266
09027089	_instance_hypernym	08524735
02006827	_hypernym	01507175
09774167	_hypernym	00007846
01635432	_derivationally_related_form	03265874
09152401	_instance_hypernym	08672738
07215568	_derivationally_related_form	00853195
00253395	_hypernym	00252430
02495817	_derivationally_related_form	13999206
01265989	_hypernym	01264283
11884198	_hypernym	11575425
03149951	_hypernym	00002684
15182805	_hypernym	15184008
01235355	_verb_group	01741446
03976268	_hypernym	03339296
04101497	_derivationally_related_form	01866192
06295235	_member_of_domain_usage	00508952
13310230	_hypernym	13308999
13530408	_derivationally_related_form	00239321
11259950	_instance_hypernym	10233445
02455310	_hypernym	01864707
01155044	_hypernym	01153548
13068073	_member_meronym	13068434
06770875	_derivationally_related_form	01018928
01103788	_derivationally_related_form	01485158
12285512	_hypernym	12284262
00011551	_hypernym	00010435
01661804	_derivationally_related_form	03536348
05018542	_derivationally_related_form	00291873
01695459	_hypernym	01693881
07672421	_hypernym	07672135
14837364	_hypernym	14856263
02431122	_hypernym	02430045
01629589	_also_see	02522864
01913532	_hypernym	01457954
07169848	_hypernym	07168131
12515711	_hypernym	11747468
15037664	_synset_domain_topic_of	06051542
02676789	_hypernym	02676054
02549392	_derivationally_related_form	01209220
12547658	_member_meronym	12547872
07514345	_hypernym	07513508
10780632	_hypernym	10640620
12443144	_member_meronym	12443323
01621219	_hypernym	01619929
01753354	_member_meronym	01753488
03731695	_hypernym	03481172
09840050	_hypernym	09765278
15200164	_hypernym	15199592
12074205	_hypernym	11556857
01707925	_hypernym	01705494
01548143	_member_meronym	01548301
02488834	_derivationally_related_form	10295819
06781383	_hypernym	06780882
01486312	_derivationally_related_form	02975212
06013584	_hypernym	06012726
04992570	_derivationally_related_form	00559919
11911591	_member_meronym	11975853
02461556	_member_meronym	02461701
10294139	_hypernym	10582746
08241798	_hypernym	08240633
02210855	_derivationally_related_form	08419163
01269379	_derivationally_related_form	14498096
15145782	_synset_domain_topic_of	00704305
02180233	_hypernym	02164464
01778017	_derivationally_related_form	01043820
05239808	_hypernym	05267548
01539377	_member_meronym	01539573
15268857	_hypernym	15266911
01735475	_derivationally_related_form	10780632
09325395	_hypernym	09256479
05893356	_derivationally_related_form	00632236
01844653	_derivationally_related_form	02932891
01682761	_synset_domain_topic_of	00714944
14724025	_derivationally_related_form	00573932
05783357	_synset_domain_topic_of	06013584
00296263	_hypernym	00295701
00697365	_derivationally_related_form	00086320
01414626	_hypernym	01400044
11659068	_hypernym	11554175
06877381	_derivationally_related_form	02164531
03739136	_hypernym	02720725
02249018	_synset_domain_topic_of	06128570
08769439	_instance_hypernym	08524735
00977153	_derivationally_related_form	06793426
00522145	_derivationally_related_form	02140033
03452741	_has_part	03654826
01881180	_derivationally_related_form	00297404
03350602	_hypernym	02776205
02108665	_derivationally_related_form	05651971
11705921	_hypernym	11571907
12547658	_hypernym	11585340
09435965	_instance_hypernym	09221070
01408547	_hypernym	01388130
08646188	_derivationally_related_form	00291873
00297404	_derivationally_related_form	01881180
05532944	_hypernym	05328867
13624190	_has_part	13624026
01415285	_hypernym	01400044
12219875	_hypernym	11567411
01944466	_verb_group	01944252
10259780	_hypernym	09937250
01498319	_derivationally_related_form	06793231
01663169	_member_meronym	01664244
07185325	_derivationally_related_form	01069809
02445715	_hypernym	02441326
01643255	_hypernym	01639765
09319604	_hypernym	09334396
05202497	_derivationally_related_form	00306314
12217211	_hypernym	11567411
02232606	_member_meronym	02235575
15268857	_derivationally_related_form	00947077
15274695	_hypernym	15274074
04871374	_hypernym	04826235
06295235	_member_of_domain_usage	00457228
01898592	_derivationally_related_form	00347652
07897600	_hypernym	07897200
05763412	_derivationally_related_form	01026095
09096498	_instance_hypernym	08641113
08831004	_member_of_domain_region	10525878
00321195	_derivationally_related_form	01422172
02319967	_member_meronym	02320621
07152463	_hypernym	06316048
04737934	_derivationally_related_form	00346991
00659349	_hypernym	00177783
00130347	_derivationally_related_form	01154175
05020981	_derivationally_related_form	01892104
09838370	_derivationally_related_form	02026629
00471277	_synset_domain_topic_of	00470966
10236304	_hypernym	10235549
11456273	_hypernym	11418750
06580351	_has_part	06584376
08132046	_hypernym	08337324
08364143	_hypernym	08364959
13903387	_hypernym	13903079
12319687	_member_meronym	12321395
02164825	_derivationally_related_form	05785508
09409203	_derivationally_related_form	01882814
01680132	_hypernym	01679980
01170052	_derivationally_related_form	10034614
00439588	_also_see	01336587
05068080	_derivationally_related_form	02038791
05464685	_hypernym	05238036
09417560	_instance_hypernym	09411430
05832264	_hypernym	05829480
00966384	_derivationally_related_form	01565472
09786585	_hypernym	00007846
07157273	_member_of_domain_usage	09883947
09809749	_hypernym	10317007
11977303	_hypernym	12205694
02274253	_derivationally_related_form	14560360
05235879	_hypernym	05225602
03421768	_hypernym	02866578
01682920	_hypernym	01656813
14859838	_hypernym	14859344
12356255	_member_meronym	12356395
03080309	_hypernym	13910384
02527431	_hypernym	02526085
00659349	_hypernym	00659048
09345932	_has_part	09456614
11735822	_hypernym	11571907
13773725	_derivationally_related_form	01573891
06122178	_derivationally_related_form	10127555
08391387	_member_meronym	10702307
01567888	_derivationally_related_form	06071934
07672421	_derivationally_related_form	01679669
00674158	_derivationally_related_form	00061933
08341330	_has_part	08341551
05934278	_hypernym	05933246
04781349	_derivationally_related_form	00170156
12758639	_member_meronym	12759496
01695459	_derivationally_related_form	03767459
04978561	_hypernym	04956594
10365984	_hypernym	09774783
12431861	_hypernym	12431434
07243193	_hypernym	07242324
13628056	_has_part	13627516
04769049	_hypernym	04767347
15153787	_has_part	15151255
03452741	_hypernym	03928116
00746479	_hypernym	00746084
02216547	_member_meronym	02216740
05614175	_hypernym	05617107
15211484	_hypernym	15209706
10851599	_derivationally_related_form	03029133
12641007	_hypernym	12640607
07528807	_derivationally_related_form	01811736
08347704	_hypernym	08339939
10702307	_hypernym	10622053
08977948	_instance_hypernym	09203827
00381326	_derivationally_related_form	00189189
06879521	_hypernym	06879180
14302261	_hypernym	14299637
11722769	_hypernym	11571907
00573247	_derivationally_related_form	13456071
08030711	_synset_domain_topic_of	00759694
03170635	_hypernym	03273913
12137569	_hypernym	12137120
02481231	_hypernym	02481436
02435386	_hypernym	01864707
03961939	_hypernym	03536348
01754421	_also_see	00346991
01708778	_member_meronym	01709278
01874126	_member_meronym	01874784
13188973	_member_meronym	13189656
11790624	_hypernym	11556857
03918480	_hypernym	03196324
02916684	_hypernym	03196324
05613962	_derivationally_related_form	01872745
12546962	_hypernym	13118707
01208400	_hypernym	01332730
01989701	_member_meronym	01989869
08522287	_hypernym	08522872
00574735	_derivationally_related_form	04975340
01571744	_derivationally_related_form	03420935
06106502	_derivationally_related_form	02835887
04378842	_instance_hypernym	04407435
02774630	_hypernym	02974697
02397266	_derivationally_related_form	00164999
01616970	_hypernym	01507175
11952346	_hypernym	13112664
04906712	_hypernym	04906471
06682290	_hypernym	06681551
03030880	_hypernym	02927399
12000609	_hypernym	11579418
00434919	_derivationally_related_form	07478874
02804610	_hypernym	03228016
02614288	_hypernym	01432517
02724126	_derivationally_related_form	03047941
00863579	_hypernym	00862683
00894738	_derivationally_related_form	05794403
00582145	_hypernym	00126264
02191106	_hypernym	00126264
11648428	_member_meronym	11648617
01189427	_hypernym	01196037
07275489	_derivationally_related_form	02040709
13624705	_has_part	13624509
10555679	_hypernym	09781504
02448754	_member_meronym	02448885
13724474	_hypernym	13717155
12667179	_member_meronym	12667582
02942699	_has_part	02943241
08843215	_has_part	08896092
01884348	_hypernym	01864707
11875100	_member_meronym	11879722
10034020	_synset_domain_topic_of	08199025
12370011	_hypernym	11575425
02301072	_member_meronym	02301782
12515711	_has_part	07726095
00354845	_derivationally_related_form	15143477
13914608	_hypernym	13860793
05579944	_hypernym	05580416
13456071	_hypernym	13446390
00907340	_derivationally_related_form	02113430
02846322	_derivationally_related_form	07560903
09397607	_hypernym	09225146
01527480	_member_meronym	01527617
12164065	_hypernym	12163824
01269379	_hypernym	01332730
01296697	_instance_hypernym	00981369
12435152	_has_part	07817024
00976224	_derivationally_related_form	06344461
07892813	_hypernym	07891726
06005518	_synset_domain_topic_of	06000644
02112546	_derivationally_related_form	05044387
00181781	_derivationally_related_form	02400760
00390735	_hypernym	00385791
00520357	_hypernym	00780191
08813978	_has_part	08814333
00176618	_derivationally_related_form	00673710
13658496	_has_part	13658278
05477305	_hypernym	05462674
06072476	_hypernym	06072275
01327301	_derivationally_related_form	00223720
02596493	_hypernym	02367363
04555897	_has_part	03142679
10483138	_derivationally_related_form	00968211
12501745	_member_meronym	12574727
01931398	_member_meronym	01931520
12486732	_hypernym	11744859
10092488	_hypernym	10205457
15248269	_hypernym	15116283
00207306	_derivationally_related_form	02499312
01961736	_member_meronym	01961862
11850748	_hypernym	11573660
13187031	_hypernym	13166338
03576215	_hypernym	03575958
01400044	_hypernym	01206218
08762104	_instance_hypernym	08524735
00045114	_hypernym	00030358
00223720	_hypernym	00220522
10254965	_hypernym	10182913
06877381	_hypernym	06877078
01456463	_derivationally_related_form	03044934
01190561	_hypernym	01187810
10386071	_derivationally_related_form	02401809
05677504	_derivationally_related_form	00272391
02763714	_has_part	03474896
01707495	_derivationally_related_form	07039056
01778017	_derivationally_related_form	01218766
04831031	_hypernym	04830102
05906554	_derivationally_related_form	02527431
02642430	_member_meronym	02643713
05596004	_has_part	05275466
08769329	_instance_hypernym	08654360
02025530	_member_meronym	02029571
11538123	_member_meronym	11538582
10294953	_derivationally_related_form	05638606
02015598	_derivationally_related_form	00058519
09044862	_has_part	09356080
01043820	_hypernym	01028655
00239321	_verb_group	00238867
07434102	_derivationally_related_form	00835903
00461493	_derivationally_related_form	13925550
01338113	_hypernym	01332730
04590553	_hypernym	04151581
13187167	_hypernym	13167078
01271189	_derivationally_related_form	00827379
05539454	_derivationally_related_form	01400856
08975902	_member_of_domain_region	08030711
01817424	_member_meronym	01821727
02397744	_hypernym	02397529
02429810	_hypernym	00752764
03588414	_hypernym	00003553
12671157	_member_meronym	12673178
13617308	_hypernym	13600822
07861421	_hypernym	07579076
01424607	_hypernym	01387617
05388805	_has_part	05389939
02444159	_verb_group	01525666
07990956	_hypernym	07993929
00196084	_derivationally_related_form	00555447
02067100	_hypernym	01864707
01736796	_hypernym	01727646
01952162	_member_meronym	01944217
11975853	_member_meronym	11976170
06178812	_hypernym	06171040
01069809	_hypernym	00729378
01467180	_hypernym	08102555
11799732	_hypernym	12205694
01577513	_hypernym	01577093
13143930	_member_meronym	13144084
01218932	_derivationally_related_form	00860620
10034614	_hypernym	09612848
02333368	_member_meronym	02333546
01422172	_derivationally_related_form	02951170
00376715	_hypernym	00376400
13033577	_hypernym	13032115
08765460	_instance_hypernym	08524735
01315581	_hypernym	00015388
13631037	_has_part	13630387
06754184	_has_part	06754972
04091839	_derivationally_related_form	10387196
03354903	_derivationally_related_form	01670172
08135770	_synset_domain_topic_of	08441203
03673594	_hypernym	03691128
12776212	_hypernym	11562747
02568065	_derivationally_related_form	00746587
01577513	_derivationally_related_form	07861421
08231499	_synset_domain_topic_of	00471613
01745377	_hypernym	01745141
02224323	_hypernym	01759182
13384164	_derivationally_related_form	02262601
01237872	_hypernym	01237415
02758960	_hypernym	04531098
08797840	_instance_hypernym	08524735
12515925	_hypernym	11748002
00036580	_hypernym	00035189
07230227	_hypernym	07229530
05775407	_derivationally_related_form	00926702
00222376	_derivationally_related_form	01258302
06593803	_hypernym	06593296
05262185	_hypernym	05261404
02448754	_hypernym	01864707
04769049	_derivationally_related_form	00744506
05468523	_hypernym	05467054
11743294	_hypernym	13122364
08571275	_synset_domain_topic_of	00468480
02942699	_hypernym	03926148
01462928	_derivationally_related_form	09454412
07400361	_hypernym	07371293
01218932	_hypernym	01218766
03538634	_hypernym	04576211
00239321	_derivationally_related_form	13530408
14006945	_derivationally_related_form	02419073
10829733	_instance_hypernym	10020890
08039312	_synset_domain_topic_of	00759694
06877742	_hypernym	06877578
03433434	_hypernym	02710766
02584325	_member_meronym	02584449
01126051	_hypernym	01119169
08860123	_member_of_domain_region	08645212
02529111	_member_meronym	02529293
07007171	_hypernym	07006951
05536370	_has_part	05537576
00925372	_hypernym	00925110
04683600	_derivationally_related_form	00212173
08287844	_has_part	08288753
09044862	_has_part	09420030
00164999	_derivationally_related_form	02397266
00252430	_derivationally_related_form	00475647
11864364	_member_meronym	11864602
08860123	_member_of_domain_region	14521954
06372095	_derivationally_related_form	02996904
12769815	_member_meronym	12776212
00470966	_has_part	00471277
00493703	_hypernym	00126264
13512036	_hypernym	13518963
00949841	_derivationally_related_form	00189565
12501745	_member_meronym	12513426
13148384	_hypernym	13100677
12118223	_member_meronym	12118414
05535484	_has_part	05536370
06878934	_derivationally_related_form	00008435
05295381	_hypernym	05286536
14898470	_derivationally_related_form	00069166
12358293	_hypernym	12205694
02188587	_derivationally_related_form	07400361
13067845	_member_meronym	13068073
04906923	_hypernym	04906712
12192373	_member_meronym	12192722
02061495	_derivationally_related_form	03791053
00297404	_derivationally_related_form	01925694
00691050	_derivationally_related_form	01255057
10780632	_derivationally_related_form	01735475
01835103	_verb_group	01834896
05313535	_has_part	05423779
00720808	_derivationally_related_form	09797113
01799302	_hypernym	01789386
01781274	_hypernym	01759182
01529036	_member_meronym	01535310
02269767	_derivationally_related_form	00192910
00104249	_derivationally_related_form	01511706
06845599	_member_of_domain_usage	03976268
10127273	_derivationally_related_form	01948573
01664244	_member_meronym	01664369
09023321	_has_part	09027089
07262108	_has_part	08517449
10661732	_hypernym	10104209
01707495	_hypernym	01707306
12673328	_hypernym	13118707
00504844	_hypernym	00508091
04217882	_hypernym	04341686
00914929	_derivationally_related_form	01429455
00226071	_derivationally_related_form	00363052
02068408	_hypernym	01864707
05273822	_has_part	05233420
00998886	_hypernym	00998399
01528821	_derivationally_related_form	01052450
01733346	_hypernym	01657723
09537144	_instance_hypernym	09538021
01253379	_hypernym	00995134
08766988	_member_of_domain_region	06883725
08950907	_instance_hypernym	08524735
02129709	_hypernym	02129289
12914433	_member_meronym	12915400
01360937	_hypernym	01352574
14448333	_hypernym	14448200
11773860	_hypernym	11567411
13659604	_has_part	13659419
01525666	_verb_group	02444159
09779124	_hypernym	00007846
01507006	_hypernym	01506812
00432689	_derivationally_related_form	10179069
12613968	_member_meronym	12614096
00845178	_derivationally_related_form	00052548
01559964	_hypernym	01507175
11993007	_hypernym	11579418
04548771	_hypernym	04061442
01691782	_member_meronym	01692143
12637729	_member_meronym	12646950
06879180	_derivationally_related_form	02148788
02769290	_has_part	04149208
13187167	_member_meronym	13187367
09148662	_instance_hypernym	08524735
00272713	_derivationally_related_form	02579447
08096301	_member_meronym	09683306
06407221	_hypernym	06407094
10254761	_hypernym	10059904
00724029	_derivationally_related_form	13421462
06568134	_has_part	06580351
01366718	_also_see	01363613
01901133	_derivationally_related_form	00289388
07128060	_derivationally_related_form	00030010
07525555	_derivationally_related_form	00925372
01513838	_hypernym	01513430
04643397	_hypernym	04643221
01217306	_hypernym	01216515
09044862	_has_part	09292751
08705251	_instance_hypernym	08524735
01423757	_member_meronym	01424607
01052450	_hypernym	01051331
02021438	_member_meronym	02036982
08286163	_member_meronym	08282696
11879291	_hypernym	11868814
07496463	_derivationally_related_form	01798100
12130549	_hypernym	12102133
12581381	_member_meronym	12583529
13464820	_derivationally_related_form	00543410
13534274	_derivationally_related_form	01913532
12791539	_hypernym	11585340
12150447	_member_meronym	12150969
08941681	_instance_hypernym	09453008
13107891	_hypernym	13104059
07240925	_hypernym	07241205
00879764	_derivationally_related_form	07161741
00573247	_hypernym	00126264
00139919	_hypernym	00138956
09050730	_has_part	09051898
13463656	_hypernym	13557451
02249018	_hypernym	02248808
07255998	_derivationally_related_form	10319580
09573966	_instance_hypernym	09552681
10104209	_derivationally_related_form	00592535
01744657	_member_meronym	01748560
01941987	_hypernym	01941093
02066950	_member_meronym	02067100
01253379	_derivationally_related_form	01057034
03080309	_derivationally_related_form	00483801
00411312	_hypernym	00126264
08288753	_hypernym	07950920
02047650	_derivationally_related_form	07432973
08111783	_derivationally_related_form	00411312
14855724	_derivationally_related_form	03008207
01053221	_derivationally_related_form	01621127
07039056	_hypernym	07037465
00209943	_derivationally_related_form	00715074
08764107	_has_part	08765069
01821869	_hypernym	01821203
03471974	_hypernym	03265874
11706629	_member_meronym	11706761
14723079	_derivationally_related_form	00190682
01258302	_derivationally_related_form	00222376
13144511	_member_meronym	13145250
05872477	_hypernym	05870916
08025497	_synset_domain_topic_of	00759694
13936153	_derivationally_related_form	02677797
00635794	_hypernym	00597385
06780069	_derivationally_related_form	00849788
12249542	_hypernym	12245695
08070465	_derivationally_related_form	00891216
15143477	_derivationally_related_form	00354845
01988755	_derivationally_related_form	11445395
00922867	_hypernym	00928015
08949093	_has_part	08950035
11875691	_has_part	07713895
00076072	_hypernym	00074790
11665781	_member_meronym	12224309
02163982	_member_meronym	02170269
12398990	_hypernym	11567411
06449735	_has_part	06433249
11158982	_instance_hypernym	10123844
11739809	_member_meronym	11739978
02575766	_member_meronym	02578604
04826235	_derivationally_related_form	02036578
09382990	_has_part	08926877
12892226	_member_meronym	12898226
07765208	_hypernym	13138308
09185440	_hypernym	09184834
01462928	_derivationally_related_form	05685879
00427397	_derivationally_related_form	00230172
00044900	_derivationally_related_form	02457058
01557697	_member_meronym	01558765
01693453	_derivationally_related_form	03186399
00171127	_derivationally_related_form	13800801
11864602	_member_meronym	11867070
02436645	_hypernym	02435853
06742173	_derivationally_related_form	00955601
04070727	_derivationally_related_form	00371051
03724417	_hypernym	03621049
02525447	_verb_group	01629589
01949007	_derivationally_related_form	02930766
07075172	_member_of_domain_usage	14521954
06072476	_derivationally_related_form	10254761
08439476	_hypernym	08437515
02235575	_hypernym	01342529
00168217	_synset_domain_topic_of	00523513
03381776	_hypernym	04127904
07778938	_hypernym	07775905
08107191	_hypernym	07992450
13199244	_hypernym	13167078
06279326	_hypernym	06278662
01883212	_member_meronym	01884348
10384610	_derivationally_related_form	06048552
02947212	_hypernym	04559275
06356755	_has_part	06820425
01463340	_derivationally_related_form	03819595
01404813	_hypernym	01388130
05688486	_hypernym	05686955
11065345	_instance_hypernym	10363573
01419160	_synset_domain_topic_of	00488225
14960090	_derivationally_related_form	00442267
00277811	_hypernym	00277376
08919693	_has_part	08919949
14706889	_hypernym	14706749
05499379	_hypernym	05462674
09019726	_has_part	09020299
02711573	_hypernym	04100620
03120491	_hypernym	08570758
04593629	_derivationally_related_form	02168555
12770529	_hypernym	13104059
02430929	_member_meronym	02431122
02419073	_derivationally_related_form	14006945
03749807	_hypernym	04421872
00011551	_derivationally_related_form	04838727
14056280	_hypernym	14304060
11219121	_instance_hypernym	10204177
06883725	_hypernym	06880664
11500968	_has_part	11499817
12513613	_hypernym	13109733
05936704	_derivationally_related_form	01635432
09542541	_hypernym	09541919
06295235	_member_of_domain_usage	03461119
03376279	_hypernym	03122748
01462928	_hypernym	01223182
01984695	_has_part	07793260
01631035	_hypernym	01626600
02066304	_derivationally_related_form	07939159
02399331	_derivationally_related_form	00198793
06503224	_hypernym	06502378
02170400	_hypernym	02164464
00267855	_hypernym	00441445
10370381	_derivationally_related_form	05968450
04028472	_hypernym	04100620
03004824	_hypernym	02735688
14560360	_derivationally_related_form	02274253
14832193	_hypernym	14994328
07822323	_hypernym	07809368
06218459	_hypernym	06212839
00918312	_hypernym	00926702
15022171	_hypernym	14736972
02565324	_hypernym	02564720
01458664	_derivationally_related_form	14868564
02590072	_derivationally_related_form	01208597
08740875	_has_part	08742205
08245425	_hypernym	08240633
03673594	_derivationally_related_form	00085626
13311368	_derivationally_related_form	02215001
07751004	_hypernym	07705931
03069567	_hypernym	03149951
01713348	_derivationally_related_form	00302861
00373766	_derivationally_related_form	02987047
06498569	_has_part	06838543
02151966	_derivationally_related_form	03688943
01920582	_member_meronym	01920735
00821580	_hypernym	00820976
02356567	_hypernym	02229055
03281935	_hypernym	02679415
02761685	_derivationally_related_form	15101586
02230056	_verb_group	02229828
08742205	_instance_hypernym	08633957
13501941	_derivationally_related_form	01507006
04051549	_hypernym	03566329
13062421	_hypernym	13060190
05725527	_hypernym	05725378
14980579	_hypernym	14966667
02233577	_member_meronym	02233767
04654337	_hypernym	04623612
12523475	_hypernym	12522188
12370174	_has_part	07766530
02208118	_hypernym	02207206
02313495	_member_meronym	02314321
02164825	_hypernym	02130300
07353075	_hypernym	07301336
01687665	_hypernym	01674464
01084866	_hypernym	01111816
08946042	_instance_hypernym	08633957
04244997	_hypernym	02858304
07560903	_derivationally_related_form	02846322
01414916	_hypernym	01400044
02621901	_derivationally_related_form	10172080
11500968	_hypernym	11420831
00318186	_hypernym	00317207
00926702	_derivationally_related_form	05775407
00821765	_verb_group	00821580
15254550	_has_part	15231765
11924330	_hypernym	11579418
11911591	_member_meronym	11915658
11911591	_member_meronym	12006503
08039312	_instance_hypernym	08392137
02331479	_member_meronym	02333368
15147097	_has_part	15145782
00701040	_derivationally_related_form	05941210
07528807	_hypernym	07528212
05534712	_has_part	05346714
13550089	_hypernym	13459322
09141526	_has_part	09144323
12459471	_member_meronym	12459629
08419163	_hypernym	08420278
15147850	_has_part	15146004
03421117	_hypernym	02784218
13095685	_hypernym	13086908
09622745	_hypernym	10024362
01752884	_derivationally_related_form	11415842
02040709	_derivationally_related_form	07275489
00828336	_derivationally_related_form	10310903
12898959	_hypernym	11579418
00757544	_derivationally_related_form	07207410
05968450	_derivationally_related_form	10370381
12192373	_hypernym	11565385
15174218	_has_part	15211484
13769672	_hypernym	13576355
02865931	_hypernym	02788689
08717209	_has_part	08717629
00543410	_hypernym	00109660
04374735	_hypernym	03953416
03612965	_derivationally_related_form	10734963
09126305	_has_part	09388318
02758960	_derivationally_related_form	00062582
00827379	_hypernym	00712225
12571194	_hypernym	11585340
07254594	_derivationally_related_form	00757544
03273913	_has_part	03273061
05600637	_has_part	05313535
12501745	_member_meronym	12511046
02753255	_verb_group	01855155
13627516	_hypernym	13601596
05223550	_hypernym	05223370
05553486	_derivationally_related_form	01424456
02189214	_member_meronym	02189535
00527367	_hypernym	00126264
03186399	_hypernym	03234306
04117216	_synset_domain_topic_of	00314469
05667951	_synset_domain_topic_of	06151693
01244593	_derivationally_related_form	02678070
02536456	_has_part	07796321
07040148	_hypernym	07044917
05044387	_hypernym	05043973
05055503	_hypernym	05055278
01046587	_derivationally_related_form	07377682
10076033	_hypernym	10122645
01944252	_verb_group	01944466
11669335	_has_part	11675096
05596651	_has_part	05275466
12166003	_member_meronym	12166128
01547641	_verb_group	01547390
00094312	_hypernym	00094460
05034473	_synset_domain_topic_of	06084469
06596978	_derivationally_related_form	00967625
02168555	_derivationally_related_form	04593629
12701178	_member_meronym	12701901
01872635	_hypernym	01864707
01959927	_hypernym	01958615
00130347	_synset_domain_topic_of	00471613
08293490	_member_meronym	02930766
02677797	_hypernym	02677567
02457058	_hypernym	01313923
12904148	_hypernym	11579418
12601106	_hypernym	13100677
12623368	_hypernym	11585340
01970866	_member_meronym	01972017
04444749	_hypernym	04014297
01948573	_hypernym	01945845
02476870	_hypernym	02476219
12611479	_member_meronym	12611640
09162803	_instance_hypernym	08524735
01743909	_derivationally_related_form	04863358
01926090	_member_meronym	01926247
07338681	_hypernym	07338552
09791248	_hypernym	09791530
04663763	_derivationally_related_form	01977155
10328782	_derivationally_related_form	13966007
09778783	_derivationally_related_form	02585050
01688428	_member_meronym	01688589
00306900	_hypernym	00295701
09689152	_hypernym	09686536
06118563	_hypernym	06115476
05613625	_hypernym	09184136
00297062	_hypernym	00295701
02556537	_hypernym	02672540
02222318	_derivationally_related_form	00105164
08734385	_has_part	09252078
03611590	_hypernym	03054098
01978003	_derivationally_related_form	05673908
05461179	_has_part	05581693
10626194	_hypernym	10471250
09878275	_derivationally_related_form	01654628
01360330	_member_meronym	01360712
11168645	_instance_hypernym	10214637
05459769	_has_part	05459953
13169219	_member_meronym	13187031
08705251	_instance_hypernym	08633957
10978098	_derivationally_related_form	03066658
04860586	_hypernym	04860065
10667187	_derivationally_related_form	01336587
08558155	_hypernym	08556491
09070793	_has_part	09071349
10503247	_derivationally_related_form	00775943
03258730	_derivationally_related_form	01677509
02565072	_has_part	07777840
12245472	_member_meronym	12245695
02862048	_has_part	02895154
01695976	_hypernym	01695567
06609503	_derivationally_related_form	01036804
00716179	_derivationally_related_form	00061401
01729838	_hypernym	01657723
14485249	_hypernym	14483917
02752567	_derivationally_related_form	15275598
14477667	_hypernym	14477342
00034758	_derivationally_related_form	06877742
15101586	_derivationally_related_form	02761685
05261566	_hypernym	05261404
02418872	_derivationally_related_form	05785508
08594886	_hypernym	13919685
13724474	_has_part	13724350
12952852	_member_meronym	12954185
03829563	_derivationally_related_form	01342124
08984567	_has_part	09023118
01947352	_synset_domain_topic_of	02858304
12619306	_member_meronym	12636705
00740712	_derivationally_related_form	00810729
02139883	_hypernym	02137132
09919297	_derivationally_related_form	06062076
07451687	_derivationally_related_form	02456493
13534608	_hypernym	13526110
01679669	_hypernym	01664172
04860586	_derivationally_related_form	00264776
09860940	_hypernym	10773126
08303504	_hypernym	08008335
07116304	_derivationally_related_form	00305846
04663763	_derivationally_related_form	01194483
00060185	_derivationally_related_form	13441812
06780069	_hypernym	06776138
00835903	_derivationally_related_form	11511765
12154628	_hypernym	11556857
01190172	_hypernym	01187810
06717170	_member_of_domain_usage	10589243
02649830	_derivationally_related_form	08179879
01060198	_hypernym	00983824
04579986	_hypernym	03716327
05034225	_hypernym	05190804
02292535	_derivationally_related_form	00735832
01443871	_synset_domain_topic_of	00671351
08860123	_member_of_domain_region	03974671
07171785	_synset_domain_topic_of	06431740
06793426	_derivationally_related_form	00977153
09026204	_instance_hypernym	08524735
00315330	_hypernym	00493703
13080471	_member_meronym	13081050
01751021	_synset_domain_topic_of	00714944
05504532	_has_part	05505679
12167749	_hypernym	11562747
12883923	_member_meronym	12884260
05792010	_hypernym	05790944
01566386	_member_meronym	01566509
12437311	_hypernym	11561228
11923827	_member_meronym	11924014
12648045	_has_part	07751004
01538161	_derivationally_related_form	04692157
02558172	_derivationally_related_form	14477667
12255659	_member_meronym	12257343
02557749	_hypernym	02557591
08860123	_member_of_domain_region	04038109
00838524	_derivationally_related_form	00755500
05026843	_hypernym	05009170
01216515	_hypernym	01215902
03763968	_hypernym	04509592
08820121	_has_part	09292751
14686352	_hypernym	14875077
13537429	_hypernym	13446390
07430211	_hypernym	07289014
09195615	_has_part	09440400
00329495	_derivationally_related_form	13107891
03024420	_derivationally_related_form	09723564
01736569	_hypernym	01657723
12154426	_member_meronym	12154628
01293389	_derivationally_related_form	10299875
02170269	_hypernym	01759182
08849753	_has_part	08851500
01270784	_derivationally_related_form	03673767
00529101	_hypernym	00428270
03820318	_synset_domain_topic_of	00478262
05535484	_has_part	05537806
05477686	_hypernym	05463533
02306159	_member_meronym	02308325
14525365	_hypernym	14524849
04975340	_hypernym	04974968
12189429	_hypernym	13104059
02248147	_member_meronym	02249995
01017001	_derivationally_related_form	06733227
12800327	_member_meronym	12800832
02564720	_hypernym	02562315
08496655	_hypernym	08595720
02362601	_derivationally_related_form	04182708
15121625	_derivationally_related_form	01732270
06845599	_member_of_domain_usage	03157582
02713218	_hypernym	04254777
05751794	_hypernym	05749619
08821187	_instance_hypernym	08552138
07500414	_derivationally_related_form	00692143
02037110	_hypernym	02022684
02281325	_derivationally_related_form	04636610
12813393	_member_meronym	12813870
06680002	_hypernym	06679457
10757193	_derivationally_related_form	02493030
02511551	_derivationally_related_form	03450018
08720481	_has_part	08722645
04986883	_hypernym	04985198
05893356	_hypernym	05892096
02873623	_synset_domain_topic_of	08199025
11948264	_hypernym	11947251
08860123	_member_of_domain_region	03457793
00855674	_derivationally_related_form	10299700
09141526	_has_part	09143649
09207288	_member_of_domain_region	08023843
02159271	_member_meronym	02161737
12340202	_hypernym	11567411
01159964	_derivationally_related_form	00527367
02320621	_member_meronym	02320888
08925287	_instance_hypernym	08524735
13949576	_hypernym	13948441
04199027	_has_part	03068707
08745901	_instance_hypernym	08633957
08717209	_instance_hypernym	08698379
00253919	_derivationally_related_form	00062582
06062076	_hypernym	06043075
04103918	_hypernym	03100490
01931277	_member_meronym	01931398
01855155	_verb_group	02753255
03420935	_derivationally_related_form	01571744
04404200	_hypernym	03007591
00504901	_derivationally_related_form	13521616
08723006	_has_part	08725454
02527145	_hypernym	01429349
02718259	_hypernym	03740161
12954185	_hypernym	13167078
02481231	_derivationally_related_form	00154689
13000372	_member_meronym	13000668
09070363	_instance_hypernym	08524735
02301782	_hypernym	01762525
02648035	_hypernym	02647660
04135710	_hypernym	03958752
00658913	_synset_domain_topic_of	00523513
08879388	_instance_hypernym	08633957
03189995	_hypernym	02830852
01422172	_derivationally_related_form	00321195
05272545	_hypernym	05271814
04749991	_hypernym	04749709
09126305	_has_part	08605261
10256080	_derivationally_related_form	06178812
02032934	_derivationally_related_form	05088804
02345272	_derivationally_related_form	04730580
01943153	_derivationally_related_form	04160586
02036982	_hypernym	01507175
02323715	_member_meronym	02324717
10803193	_hypernym	00007846
08921850	_has_part	08923755
03820318	_synset_domain_topic_of	00467995
00549552	_hypernym	02452885
06403969	_derivationally_related_form	10564660
02099774	_derivationally_related_form	13949576
01753959	_hypernym	01752165
04520170	_hypernym	04490091
01651370	_member_meronym	01651487
10857540	_instance_hypernym	09813696
01154175	_synset_domain_topic_of	00471613
05436080	_hypernym	05263850
04020298	_hypernym	03700963
12192373	_member_meronym	12193964
08543625	_hypernym	08523483
01761706	_derivationally_related_form	10555679
12959967	_member_meronym	12960211
02452885	_derivationally_related_form	01079042
02557591	_hypernym	02556846
09275473	_has_part	09023118
02038791	_hypernym	02038357
07032753	_hypernym	00084371
00534480	_synset_domain_topic_of	00528667
09130714	_instance_hypernym	08524735
13727478	_has_part	13727333
03318294	_hypernym	03665366
01465994	_member_meronym	01466828
04569520	_hypernym	03566329
13752911	_hypernym	13745420
13096863	_hypernym	13095685
05553486	_hypernym	05553288
00814850	_hypernym	00757544
12536665	_member_meronym	12536871
09590495	_synset_domain_topic_of	07983856
10127555	_derivationally_related_form	06122178
00595410	_derivationally_related_form	09537660
05133535	_hypernym	05133287
03570838	_hypernym	03433434
12811856	_member_meronym	12812665
09345932	_hypernym	09225146
09031653	_has_part	08801546
11804604	_member_meronym	11805837
13624509	_hypernym	13616054
06780069	_derivationally_related_form	09896170
05015463	_derivationally_related_form	00370412
07969695	_member_meronym	10728624
12163649	_hypernym	11567411
03565402	_derivationally_related_form	01728840
00052548	_derivationally_related_form	00845178
01763829	_derivationally_related_form	04903813
12718483	_hypernym	12715914
05623628	_hypernym	05623181
01371092	_member_meronym	01371483
03612965	_hypernym	03915437
05967191	_derivationally_related_form	10191388
01379389	_hypernym	01350855
01575270	_member_meronym	01575401
01468097	_derivationally_related_form	11418460
06350127	_hypernym	06403393
00799076	_hypernym	00757544
10110287	_derivationally_related_form	13243261
09078231	_member_of_domain_region	07778938
10502950	_derivationally_related_form	06203758
01053221	_hypernym	00983824
08929922	_member_of_domain_region	13752911
15294382	_derivationally_related_form	10037922
12486732	_member_meronym	12486882
08594714	_has_part	08594886
03003744	_derivationally_related_form	07907161
09112282	_has_part	09112857
10513509	_hypernym	10317500
08018189	_instance_hypernym	08392137
04364827	_hypernym	04364545
02487573	_derivationally_related_form	01233156
08888676	_has_part	08889191
00291873	_derivationally_related_form	14687513
04568713	_hypernym	03309808
00086320	_derivationally_related_form	00697365
07075172	_member_of_domain_usage	02010698
09184405	_hypernym	09184136
09904057	_derivationally_related_form	00948071
07695965	_derivationally_related_form	01665081
00154689	_hypernym	00153961
08502171	_hypernym	08630039
05293944	_hypernym	05293597
00405236	_derivationally_related_form	01237872
02565491	_derivationally_related_form	09797113
09137869	_member_of_domain_region	01276436
00592535	_hypernym	00586262
03197804	_hypernym	15060131
05835162	_derivationally_related_form	00630380
14123044	_hypernym	14122235
00363268	_hypernym	00363110
03688192	_hypernym	04508949
11911591	_member_meronym	12019675
04444345	_hypernym	03892891
00061401	_derivationally_related_form	00716179
04432662	_hypernym	03309808
06575932	_synset_domain_topic_of	06128570
09029884	_instance_hypernym	08552138
01076863	_hypernym	05943300
01539925	_hypernym	01539573
12198628	_member_meronym	12198793
02968473	_hypernym	03538634
01103836	_derivationally_related_form	00553362
09051235	_has_part	09075842
07248507	_derivationally_related_form	00976365
02619738	_hypernym	01429349
09910222	_derivationally_related_form	03009269
10587378	_hypernym	09821253
07575076	_derivationally_related_form	01185304
13124654	_hypernym	00017222
01416020	_hypernym	01400044
09787534	_derivationally_related_form	00588780
01549905	_derivationally_related_form	00403466
02186690	_derivationally_related_form	07379223
06403969	_hypernym	06403393
03204558	_hypernym	04445952
10803193	_derivationally_related_form	00007328
00240810	_hypernym	00230746
07031752	_hypernym	07030718
03819595	_derivationally_related_form	01463340
12581381	_member_meronym	12586110
01888295	_derivationally_related_form	01051082
01302086	_has_part	01276436
01433809	_derivationally_related_form	02099029
09931267	_hypernym	00007846
07108123	_hypernym	07105475
13289159	_hypernym	13285176
02231930	_hypernym	01759182
00621627	_derivationally_related_form	02371811
08975902	_has_part	09459114
01960779	_synset_domain_topic_of	00450335
12157276	_member_meronym	12163649
01148283	_also_see	01366718
00790086	_hypernym	00202284
04230808	_has_part	04238321
02085320	_derivationally_related_form	09223725
00343730	_hypernym	00343249
12464476	_hypernym	12425281
07933799	_hypernym	07933274
09437369	_hypernym	09258715
02134350	_derivationally_related_form	14526182
00966384	_hypernym	00965895
01872772	_hypernym	01871875
00759186	_hypernym	00757730
00044900	_hypernym	00030358
00798717	_hypernym	00757544
02452885	_derivationally_related_form	01763813
01457489	_derivationally_related_form	13893786
02493030	_derivationally_related_form	10757193
01751621	_hypernym	01656813
01997698	_hypernym	08103777
12464278	_hypernym	11561228
12356395	_has_part	07821919
02932891	_hypernym	03790230
11884198	_member_meronym	11884384
00299341	_derivationally_related_form	04072193
04788494	_hypernym	04787530
12636705	_member_meronym	12636885
07531536	_derivationally_related_form	01772498
02499312	_derivationally_related_form	00207306
14687513	_hypernym	14875077
00216216	_derivationally_related_form	00277811
07570720	_derivationally_related_form	03002351
00188000	_verb_group	00188137
08975902	_has_part	08976913
12550968	_member_meronym	12551457
08858248	_has_part	08887013
00146856	_derivationally_related_form	00367685
00527872	_hypernym	00527695
00190682	_derivationally_related_form	14723079
03260293	_hypernym	03305135
04527808	_hypernym	02938514
07765208	_hypernym	07705931
11818945	_member_meronym	11821777
01021794	_derivationally_related_form	04956110
01232272	_hypernym	01556572
08839916	_member_of_domain_region	01296697
03473966	_synset_domain_topic_of	05946687
02186506	_derivationally_related_form	07398097
13966925	_derivationally_related_form	10452260
10717196	_hypernym	10299700
01772498	_derivationally_related_form	07531536
09388318	_instance_hypernym	09411430
01982395	_verb_group	02394183
00363052	_derivationally_related_form	00226071
08646188	_hypernym	08645963
08078819	_hypernym	08208560
09050730	_has_part	09051235
02537847	_member_meronym	02538216
04850117	_hypernym	04826235
06351202	_has_part	00390735
01498319	_derivationally_related_form	04217882
02446206	_hypernym	02445715
05329215	_has_part	05532944
04787530	_hypernym	04723816
12220019	_hypernym	13112664
07298154	_hypernym	07296428
03482523	_hypernym	03975232
10344774	_derivationally_related_form	01028748
06947658	_member_of_domain_usage	10119953
02596493	_derivationally_related_form	07298154
01573515	_derivationally_related_form	00376715
09304164	_has_part	09459114
02621107	_member_meronym	02621419
12393269	_hypernym	12393086
12945708	_member_meronym	12945828
00973888	_derivationally_related_form	06620063
02299924	_synset_domain_topic_of	00092366
12359026	_member_meronym	12373361
12776391	_hypernym	11567411
07485475	_hypernym	07484265
01600480	_member_meronym	01600909
11867525	_member_meronym	11880218
00230172	_derivationally_related_form	00427397
15124864	_instance_hypernym	15248269
14863521	_derivationally_related_form	02083087
01351601	_derivationally_related_form	03181501
01594157	_member_meronym	01596479
10092488	_synset_domain_topic_of	00471613
12231358	_hypernym	12231192
00346991	_derivationally_related_form	04737934
00802946	_derivationally_related_form	04749991
00715074	_derivationally_related_form	00209943
05573602	_has_part	05368100
06350274	_hypernym	06403393
12814003	_hypernym	13100677
11800236	_hypernym	13125117
14524849	_hypernym	13920835
09382990	_has_part	08977948
02138766	_hypernym	00126264
12329899	_member_meronym	12339319
08644722	_hypernym	08574314
04070727	_derivationally_related_form	00371955
02301935	_hypernym	02301452
11783162	_hypernym	11779300
05537806	_has_part	05538016
02330582	_member_meronym	02368563
00203753	_derivationally_related_form	00812149
00523436	_derivationally_related_form	14947807
05404728	_hypernym	05397468
01242391	_hypernym	01400044
12196129	_hypernym	13104059
01693138	_hypernym	01690294
13845239	_derivationally_related_form	02739254
04654337	_derivationally_related_form	01074650
02553196	_member_meronym	02619738
00381331	_derivationally_related_form	00194645
00364787	_derivationally_related_form	00168217
04182708	_derivationally_related_form	02362601
02678070	_derivationally_related_form	01244593
09298698	_has_part	09454265
12169776	_member_meronym	12185078
00692143	_hypernym	00690614
11195619	_instance_hypernym	09818343
02653651	_derivationally_related_form	07152948
00775943	_derivationally_related_form	10503247
12340202	_member_meronym	12340383
00322151	_derivationally_related_form	07712559
13624190	_hypernym	13616054
00181434	_hypernym	00173338
13249245	_hypernym	13246662
11813309	_hypernym	11573660
02490030	_member_meronym	02490219
13143930	_hypernym	11567411
00403466	_hypernym	00403092
01036804	_derivationally_related_form	06609503
08949093	_has_part	08951077
00380424	_derivationally_related_form	00870312
02924023	_derivationally_related_form	01487311
12257343	_member_meronym	12257570
06097775	_derivationally_related_form	09819291
04055180	_derivationally_related_form	02072673
12275317	_hypernym	12268246
06155075	_hypernym	04929422
12960211	_hypernym	13167078
08507109	_instance_hypernym	08506641
01834896	_derivationally_related_form	09355850
00275088	_hypernym	00208836
02229828	_verb_group	02230056
03068707	_hypernym	02902250
00805524	_derivationally_related_form	00493703
02163183	_derivationally_related_form	04173698
01700326	_hypernym	01699896
12222715	_member_meronym	12223160
00926702	_hypernym	00917772
14094068	_hypernym	14187378
08860123	_member_of_domain_region	10460033
02753255	_hypernym	02604760
13315999	_hypernym	13313899
09163584	_instance_hypernym	08700255
01484083	_derivationally_related_form	04667406
15267945	_hypernym	15113229
00864226	_hypernym	00864535
01665372	_member_meronym	01665541
00305846	_hypernym	01989053
00311338	_verb_group	00313987
02136623	_hypernym	01864707
01143279	_derivationally_related_form	05060476
03575691	_hypernym	03574816
01308438	_has_part	01292928
08841956	_has_part	08842258
08723006	_has_part	09365443
01834485	_derivationally_related_form	14015361
04444345	_synset_domain_topic_of	00464894
00109081	_hypernym	00108181
02324717	_member_meronym	02324850
01141593	_derivationally_related_form	00803325
01882814	_derivationally_related_form	09409203
00105164	_derivationally_related_form	02222318
00058519	_hypernym	00042757
01360712	_hypernym	01352059
01752165	_hypernym	01726692
02739480	_derivationally_related_form	01985247
12363988	_member_meronym	12370011
02557638	_derivationally_related_form	00562935
15275598	_derivationally_related_form	02752567
08926543	_instance_hypernym	08524735
08150377	_member_meronym	09679708
03186818	_hypernym	04169437
13534608	_derivationally_related_form	02618877
01651370	_hypernym	01626600
01742244	_derivationally_related_form	13902048
03776460	_hypernym	03546340
00591115	_verb_group	02129709
00949841	_hypernym	01000214
00569318	_hypernym	00382635
00527695	_has_part	00533922
00183505	_derivationally_related_form	02463141
02164531	_hypernym	02130524
07233996	_hypernym	07233634
02392654	_derivationally_related_form	04760296
06452601	_has_part	06440937
01232272	_derivationally_related_form	03731695
02410702	_hypernym	02410509
05240850	_hypernym	05239808
08807554	_instance_hypernym	08651247
00239614	_hypernym	00239321
01322223	_verb_group	01321895
02773838	_hypernym	02774630
01938155	_hypernym	01921559
07650792	_hypernym	07570720
12725940	_hypernym	12724942
13614764	_hypernym	13600822
11911591	_member_meronym	11977125
04568713	_derivationally_related_form	01672168
02765692	_derivationally_related_form	00842692
14460974	_hypernym	14460565
08372574	_member_meronym	10717461
07419792	_hypernym	07357388
07573103	_hypernym	07572957
01749394	_derivationally_related_form	10266486
04574999	_hypernym	03700963
09919297	_hypernym	10632576
06717170	_member_of_domain_usage	09883947
01513838	_derivationally_related_form	09425607
08860123	_member_of_domain_region	13391118
04636610	_derivationally_related_form	02281325
12723446	_member_meronym	12723610
01675780	_hypernym	01621555
06836714	_hypernym	06828818
11296139	_instance_hypernym	10672908
01084588	_verb_group	01084866
13148019	_hypernym	11567411
02100236	_similar_to	02099774
00369399	_hypernym	00369802
01428011	_hypernym	01428853
01240188	_synset_domain_topic_of	00523513
00086320	_synset_domain_topic_of	00612160
08159924	_hypernym	08153437
02460817	_hypernym	02460009
00555447	_derivationally_related_form	07359599
01044533	_derivationally_related_form	07127252
01728355	_derivationally_related_form	09760913
00299341	_hypernym	00296178
00821765	_hypernym	00820976
11993007	_member_meronym	11993203
09273447	_has_part	08887013
12775919	_hypernym	13104059
10299875	_derivationally_related_form	01293389
10009484	_hypernym	10215623
08928193	_has_part	08928933
12192373	_member_meronym	12194466
08928933	_instance_hypernym	08633957
12437513	_hypernym	12205694
04831031	_derivationally_related_form	01507402
12678548	_hypernym	12678224
09039411	_member_of_domain_region	08025497
00808191	_derivationally_related_form	04635482
02802544	_synset_domain_topic_of	00480993
13121104	_hypernym	13083586
04090064	_hypernym	02716205
06278662	_hypernym	06251781
00234423	_hypernym	00231567
02614288	_member_meronym	02614482
01106587	_derivationally_related_form	01949674
08766988	_member_of_domain_region	01292928
09070233	_instance_hypernym	08695539
13893786	_derivationally_related_form	01457489
01387786	_derivationally_related_form	00369399
07007171	_derivationally_related_form	01711445
06028021	_hypernym	06021247
14094068	_hypernym	14110411
01392380	_derivationally_related_form	03040974
07468692	_has_part	07466557
12193458	_hypernym	11575425
00457228	_hypernym	00457382
06453324	_has_part	06436443
04526800	_hypernym	02690941
12000609	_member_meronym	12001294
06990000	_derivationally_related_form	02971469
01076863	_hypernym	01076488
03848348	_derivationally_related_form	01346003
12398990	_member_meronym	12399132
08736517	_has_part	08736779
01270784	_hypernym	01332730
00828901	_derivationally_related_form	10380672
01428578	_derivationally_related_form	00160688
08394423	_synset_domain_topic_of	08199025
07379223	_derivationally_related_form	02186690
01621219	_derivationally_related_form	07334490
02749768	_derivationally_related_form	03879116
08772137	_instance_hypernym	08524735
08900535	_member_of_domain_region	01281154
05792010	_derivationally_related_form	00044353
01627424	_has_part	02465929
00682592	_hypernym	00670261
02397377	_member_meronym	02397529
07220773	_has_part	06394701
08860123	_member_of_domain_region	09850642
01921204	_derivationally_related_form	00289175
08745901	_instance_hypernym	08524735
08029421	_member_meronym	10141811
01130607	_derivationally_related_form	04547592
06620063	_derivationally_related_form	00973888
00220522	_hypernym	00220023
00970732	_hypernym	00976653
02065407	_hypernym	02064338
00430099	_derivationally_related_form	00192910
08903220	_instance_hypernym	08524735
01600909	_member_meronym	01601068
04657876	_hypernym	04623612
00853195	_hypernym	00851933
00569318	_derivationally_related_form	13463656
07032292	_hypernym	07030718
01929396	_member_meronym	01929788
01881180	_derivationally_related_form	00297062
14434866	_derivationally_related_form	01013367
01060198	_derivationally_related_form	02041678
05684561	_derivationally_related_form	02162434
07828987	_derivationally_related_form	02196690
12731202	_hypernym	11573173
01454246	_derivationally_related_form	02774630
00160688	_derivationally_related_form	01428578
01884476	_hypernym	01883513
11920867	_member_meronym	11920998
00125436	_derivationally_related_form	01243661
05829480	_hypernym	05827684
01713764	_hypernym	01712008
07712382	_hypernym	07557434
00028651	_hypernym	00024264
01141593	_hypernym	01139194
10587378	_derivationally_related_form	01542207
11866078	_member_meronym	11866248
00774796	_hypernym	00766234
00447073	_hypernym	00523513
12259316	_hypernym	11672400
12045695	_member_meronym	12045860
00588780	_hypernym	00586262
14500908	_hypernym	13920835
08716219	_member_meronym	09693809
02527431	_derivationally_related_form	10089615
07137950	_derivationally_related_form	00955601
01103788	_hypernym	01094725
09185612	_hypernym	09185440
11911591	_member_meronym	12005500
12958921	_member_meronym	12959074
05638606	_hypernym	05637558
02649706	_derivationally_related_form	15168790
01499265	_derivationally_related_form	00334935
01654628	_derivationally_related_form	09878275
10985440	_instance_hypernym	09615807
00742645	_derivationally_related_form	01195804
00724832	_hypernym	00725274
11963755	_hypernym	11579418
11322178	_instance_hypernym	09767700
08070850	_derivationally_related_form	02215966
03009269	_derivationally_related_form	09910222
00313987	_derivationally_related_form	01048912
00049102	_hypernym	00047945
06158185	_derivationally_related_form	10383689
13189656	_hypernym	13167078
11703386	_member_meronym	11705921
07560903	_synset_domain_topic_of	00015388
00744004	_hypernym	00743822
11445395	_derivationally_related_form	01988755
12995724	_member_meronym	12996068
01999767	_hypernym	01767661
04990525	_synset_domain_topic_of	07020895
01837746	_member_meronym	01838038
07907161	_derivationally_related_form	03003744
06032246	_hypernym	06023022
02666691	_hypernym	02666531
05650820	_has_part	05651068
07764847	_hypernym	07705931
05015463	_hypernym	05015117
10387196	_hypernym	10386984
02975212	_derivationally_related_form	01486312
01351170	_derivationally_related_form	00392950
09420030	_instance_hypernym	09411430
10037922	_derivationally_related_form	15294382
00755500	_hypernym	00754956
06746005	_hypernym	06722453
02373785	_hypernym	02518161
01428155	_member_meronym	02525866
06878934	_hypernym	06877078
12195965	_hypernym	11575425
00277811	_derivationally_related_form	01577093
09787534	_hypernym	10013927
12241699	_member_meronym	12242123
09753498	_synset_domain_topic_of	05778131
04199027	_has_part	04444749
13192025	_member_meronym	13196545
15146004	_synset_domain_topic_of	00704305
00338071	_derivationally_related_form	07409121
00242026	_hypernym	00241689
06917083	_hypernym	06906439
08573674	_hypernym	08594286
02913152	_has_part	04182890
09189411	_has_part	08945821
05578442	_derivationally_related_form	02713218
12392943	_member_meronym	12393086
11900986	_hypernym	11575425
03532187	_hypernym	03169390
07242912	_hypernym	07242324
12290522	_member_meronym	12290748
03002351	_derivationally_related_form	07570720
02233767	_hypernym	01762525
00835506	_derivationally_related_form	00751779
08153102	_hypernym	08180190
12405209	_member_meronym	12406715
00442267	_derivationally_related_form	14960090
09779124	_derivationally_related_form	00687295
08514865	_has_part	03327234
10472129	_hypernym	10144838
09987696	_hypernym	09786585
10004282	_hypernym	10305802
01898592	_hypernym	01898282
10344774	_hypernym	00007846
01771390	_verb_group	01649999
01947352	_synset_domain_topic_of	00523513
08500433	_hypernym	00028651
10236304	_derivationally_related_form	13812607
04429756	_hypernym	03860882
03900509	_hypernym	03536348
10711483	_hypernym	10372076
10659571	_derivationally_related_form	01034932
01547390	_verb_group	01547641
03461119	_hypernym	03093574
13004160	_hypernym	11592146
12194776	_member_meronym	12198628
00735832	_hypernym	00732746
12326604	_member_meronym	12326842
01256867	_derivationally_related_form	13914608
01408253	_member_meronym	01408383
00907340	_hypernym	00903559
05870916	_hypernym	05835747
12423565	_member_meronym	12437311
04173698	_derivationally_related_form	02163183
12884100	_hypernym	12884260
00170156	_derivationally_related_form	04781349
06021247	_hypernym	06020737
06071934	_hypernym	06037666
01915414	_hypernym	01908287
09727826	_hypernym	09691435
08701942	_has_part	08788004
08956140	_instance_hypernym	08524735
00180770	_derivationally_related_form	00601822
00069173	_hypernym	00068901
11723655	_member_meronym	11723770
00350030	_hypernym	00349886
01779165	_derivationally_related_form	04143712
02591736	_derivationally_related_form	10213652
11800020	_has_part	11800236
02622859	_derivationally_related_form	14038482
03322570	_hypernym	02913152
11778534	_member_meronym	11790624
08759852	_instance_hypernym	08633957
08921850	_has_part	08926877
04579986	_synset_domain_topic_of	00502952
11735822	_member_meronym	11735977
13722757	_hypernym	13716686
12321395	_has_part	07774295
08095647	_member_meronym	08096301
00220023	_hypernym	00219012
06331803	_hypernym	06309383
10929886	_instance_hypernym	09989502
00105164	_derivationally_related_form	01512465
03575958	_hypernym	03574816
00355365	_hypernym	01510576
12459471	_hypernym	11561228
00272713	_hypernym	00271263
14365356	_derivationally_related_form	02726715
00510050	_also_see	00306314
09873348	_hypernym	09939313
12437769	_hypernym	12437513
10252354	_hypernym	09927451
07230089	_hypernym	07229530
03358726	_hypernym	02942699
13752033	_hypernym	13751829
14447908	_hypernym	14447525
00508952	_has_part	01245813
00153105	_hypernym	00152727
03587715	_hypernym	02716205
02525866	_hypernym	01342529
09099526	_has_part	09101318
02168542	_member_meronym	02168876
02613960	_hypernym	01429349
08813978	_has_part	09460888
05623181	_hypernym	05622456
05241827	_hypernym	05430628
04160586	_derivationally_related_form	01943153
11633459	_hypernym	11554175
03415252	_hypernym	04507155
00328327	_hypernym	00328015
11896904	_hypernym	11575425
02190188	_hypernym	02191106
09089139	_has_part	09089923
02525866	_member_meronym	02527498
10319580	_hypernym	10280674
01176931	_hypernym	01169317
11942487	_hypernym	11672400
01713635	_hypernym	01657723
01430633	_derivationally_related_form	10299700
02557199	_hypernym	02452885
12761123	_member_meronym	12761284
01155044	_derivationally_related_form	10502950
12775919	_has_part	07764486
00069166	_derivationally_related_form	14898470
06224136	_hypernym	06223669
01573891	_derivationally_related_form	13773725
03546766	_hypernym	04014297
03421117	_derivationally_related_form	01217043
10626194	_derivationally_related_form	02568884
05159225	_hypernym	05154517
12638753	_has_part	07752109
05015463	_derivationally_related_form	01252566
12400924	_hypernym	12651821
08742743	_instance_hypernym	08524735
05785508	_derivationally_related_form	02418872
01387786	_derivationally_related_form	00514396
01013367	_derivationally_related_form	14435187
01670172	_hypernym	01675963
12508077	_member_meronym	12508309
01440344	_hypernym	01432517
07763483	_hypernym	07705931
01574390	_hypernym	01574045
02125311	_hypernym	02124623
01425076	_hypernym	01388130
01726960	_member_meronym	01736569
01999374	_member_meronym	02000036
05204004	_hypernym	05203649
11900058	_member_meronym	11900986
15231765	_synset_domain_topic_of	06144081
00835903	_derivationally_related_form	07434102
10266486	_derivationally_related_form	01749394
02729837	_hypernym	03257877
09697070	_hypernym	09634494
01729838	_member_meronym	01729977
10299700	_hypernym	00007846
00211593	_hypernym	00211110
00015303	_derivationally_related_form	00858377
11455901	_hypernym	11418750
01567530	_member_meronym	01567678
14460565	_hypernym	00024720
00520357	_derivationally_related_form	00383952
13031690	_member_meronym	13032923
09397607	_derivationally_related_form	01374465
12435486	_hypernym	12431861
09223725	_derivationally_related_form	02085320
02433549	_hypernym	02433123
01949674	_derivationally_related_form	01106587
00318186	_derivationally_related_form	01031256
00996817	_hypernym	00973077
04692157	_derivationally_related_form	01538161
00093979	_derivationally_related_form	14365741
02224323	_member_meronym	02224466
01987545	_hypernym	01976146
01763829	_hypernym	00146138
11415842	_derivationally_related_form	01752884
06845599	_member_of_domain_usage	03435382
01189224	_hypernym	01189427
02541875	_member_meronym	02542017
02435386	_member_meronym	02435517
11695485	_member_meronym	11695599
03002351	_derivationally_related_form	06135915
08135342	_has_part	08135770
05983217	_synset_domain_topic_of	06158346
14550797	_hypernym	14548343
02459808	_member_meronym	02460684
02249365	_member_meronym	02249673
09984298	_derivationally_related_form	00591622
10525878	_hypernym	10372373
02248147	_member_meronym	02249365
02595339	_hypernym	02594552
11827775	_member_meronym	11835451
00566895	_verb_group	00566569
02026629	_derivationally_related_form	09838370
04170515	_has_part	03273061
04408330	_instance_hypernym	04374735
05763412	_hypernym	05762998
09999532	_hypernym	09997622
12418356	_hypernym	11561228
02763714	_has_part	03974215
07083441	_hypernym	06282651
09236423	_has_part	09460888
09051235	_has_part	09053185
05659365	_hypernym	05659621
10640620	_hypernym	10024362
02924023	_hypernym	03679986
00471576	_hypernym	00471711
12074205	_member_meronym	12074408
02552737	_member_meronym	02552894
00559919	_hypernym	00126264
13800801	_hypernym	13796779
07419792	_derivationally_related_form	00528339
12400261	_member_meronym	12400489
04839154	_derivationally_related_form	00956131
09356320	_instance_hypernym	09411430
07207410	_derivationally_related_form	00757544
06845599	_member_of_domain_usage	04425262
11727976	_member_meronym	11728099
14246359	_hypernym	14239918
07161741	_derivationally_related_form	00879764
02951170	_hypernym	04493505
01877620	_derivationally_related_form	00327824
03120778	_has_part	02789770
01423929	_hypernym	01400044
01629589	_also_see	01644050
07624924	_hypernym	07624466
12100538	_member_meronym	12130408
11911591	_member_meronym	11999958
02475078	_derivationally_related_form	03089121
08929555	_instance_hypernym	08691669
06023022	_hypernym	06021499
13439390	_derivationally_related_form	00294245
00746587	_derivationally_related_form	02568065
01312096	_instance_hypernym	00996817
01870275	_derivationally_related_form	00109081
02425462	_also_see	01645421
00955601	_derivationally_related_form	07137950
00673710	_hypernym	00671351
05645597	_derivationally_related_form	01336587
02675701	_derivationally_related_form	09964411
04826771	_hypernym	04826235
01707925	_derivationally_related_form	03800933
01081001	_derivationally_related_form	07343195
02527651	_derivationally_related_form	00076072
02156871	_has_part	02464626
13944914	_hypernym	13920835
12485811	_member_meronym	12485981
00976365	_hypernym	00975902
12533730	_hypernym	13112664
10179069	_derivationally_related_form	00432689
06278830	_synset_domain_topic_of	03082979
06310945	_hypernym	06309383
01048912	_derivationally_related_form	00313987
02233943	_hypernym	02233338
01357831	_derivationally_related_form	03804744
08762104	_instance_hypernym	08633957
00682592	_derivationally_related_form	05747582
04547592	_derivationally_related_form	01130607
01528821	_derivationally_related_form	00677808
00836236	_derivationally_related_form	00900070
00505151	_synset_domain_topic_of	00243918
05514410	_hypernym	05514081
08135342	_has_part	08142170
00153105	_has_part	00177127
10829450	_instance_hypernym	10249950
02997607	_hypernym	04516672
01404813	_member_meronym	01405250
12006503	_member_meronym	12006766
02763609	_derivationally_related_form	07412310
00349886	_hypernym	00346296
11338796	_instance_hypernym	10547145
06090869	_hypernym	06000400
02072665	_hypernym	01864707
09860940	_derivationally_related_form	00067274
12222715	_hypernym	11567411
07409121	_derivationally_related_form	00338071
00759657	_hypernym	00759501
02971469	_derivationally_related_form	06990000
04043733	_has_part	03181501
04760296	_derivationally_related_form	02392654
01079042	_derivationally_related_form	02452885
05018542	_hypernym	05018103
02068408	_member_meronym	02068541
05074057	_hypernym	05064037
02951358	_derivationally_related_form	09891470
01208597	_derivationally_related_form	02590072
00363260	_hypernym	00351485
01958868	_synset_domain_topic_of	00450335
08772667	_instance_hypernym	08524735
02067240	_hypernym	02066707
12876032	_member_meronym	12883395
13659419	_hypernym	13649268
01710348	_member_meronym	01711297
02262601	_derivationally_related_form	13384164
09809925	_derivationally_related_form	01706129
09537660	_derivationally_related_form	00595410
13441812	_hypernym	13532886
03120778	_synset_domain_topic_of	08441203
15298011	_hypernym	15297672
10551265	_instance_hypernym	09587565
02235911	_member_meronym	02236044
03265874	_derivationally_related_form	01635432
05216365	_has_part	05296639
02156225	_verb_group	02129289
02644967	_member_meronym	02645143
02593107	_verb_group	02540670
13289845	_synset_domain_topic_of	08163273
09246883	_hypernym	09240621
11659248	_hypernym	13108841
01013367	_derivationally_related_form	14434866
10191388	_derivationally_related_form	05967191
04247011	_hypernym	04151581
07695965	_hypernym	07712382
09804230	_hypernym	00007846
08735008	_instance_hypernym	08524735
04194289	_has_part	04585745
00740342	_hypernym	00739270
02189535	_hypernym	01762525
02647903	_hypernym	01432517
01312096	_has_part	01271107
04278605	_hypernym	03350602
09809925	_derivationally_related_form	01708113
08070465	_hypernym	08419984
11335878	_instance_hypernym	10368009
06746005	_derivationally_related_form	00815686
01316619	_derivationally_related_form	10122300
02641825	_member_meronym	02552737
04922787	_hypernym	04922338
01095899	_derivationally_related_form	09767197
08919949	_instance_hypernym	08177958
06880249	_hypernym	06879180
09513902	_hypernym	09505418
06742173	_hypernym	06738281
11633459	_member_meronym	11633633
05269901	_has_part	05285623
13608598	_hypernym	13583724
11350705	_instance_hypernym	09756637
08978161	_instance_hypernym	08544813
01370913	_member_meronym	01371092
03514974	_hypernym	14994004
01331689	_hypernym	01329239
14049552	_hypernym	14034177
01116968	_hypernym	01113068
02579447	_derivationally_related_form	04850996
02250133	_hypernym	01762525
02686952	_hypernym	02685951
02652590	_synset_domain_topic_of	06066555
00164816	_derivationally_related_form	14049552
12904148	_member_meronym	12904314
00947857	_hypernym	00945255
05296639	_has_part	05595083
02536456	_hypernym	02534734
00289175	_derivationally_related_form	01921204
12130408	_hypernym	11556857
00946105	_derivationally_related_form	03588414
04635482	_hypernym	04635104
12188985	_member_meronym	12189293
06295235	_member_of_domain_usage	04071393
01677509	_derivationally_related_form	03258730
01725240	_hypernym	01342529
00010054	_hypernym	01831531
14724025	_synset_domain_topic_of	06084469
11719468	_member_meronym	11723655
06350592	_hypernym	06350274
11778534	_member_meronym	11788926
08945821	_has_part	08946042
00226379	_synset_domain_topic_of	06084469
08193854	_hypernym	08337324
09031653	_has_part	09032191
02666691	_derivationally_related_form	03118539
08900535	_has_part	08904392
11902200	_hypernym	11900569
02029571	_member_meronym	02029706
07377682	_derivationally_related_form	01046587
02249995	_hypernym	01759182
10452260	_derivationally_related_form	13966925
01982395	_hypernym	01831531
09133010	_has_part	09133500
13031690	_hypernym	11590783
13421462	_derivationally_related_form	00724029
08859173	_member_of_domain_region	06335832
10379620	_hypernym	09613191
11938977	_hypernym	11579418
01111458	_synset_domain_topic_of	00471613
12358173	_member_meronym	12358293
12326842	_hypernym	11567411
03051540	_derivationally_related_form	00049197
02930766	_derivationally_related_form	01949007
02106662	_hypernym	02104523
02329883	_hypernym	02339413
00007328	_derivationally_related_form	00837293
14599168	_hypernym	14739360
11748501	_has_part	11748811
05416198	_hypernym	05404728
05769833	_hypernym	05767733
02724126	_hypernym	01467370
12743680	_hypernym	11567411
00179567	_derivationally_related_form	11684739
00974786	_derivationally_related_form	09977520
01471070	_member_meronym	01479643
00974786	_hypernym	00974367
09809925	_hypernym	10339966
00625393	_derivationally_related_form	04762355
08955626	_has_part	08956574
00003826	_derivationally_related_form	14359459
02447591	_hypernym	01864707
01026095	_derivationally_related_form	05763412
01872745	_derivationally_related_form	05613962
11790788	_hypernym	13121544
06677974	_hypernym	06677302
12533588	_hypernym	11585340
12193458	_member_meronym	12193665
06778925	_derivationally_related_form	00029836
13210827	_hypernym	13167078
00858377	_derivationally_related_form	00015498
02520509	_derivationally_related_form	13292787
02103925	_synset_domain_topic_of	06090869
04878646	_derivationally_related_form	09911849
00306314	_also_see	00510050
04220344	_synset_domain_topic_of	08199025
00011551	_derivationally_related_form	01225562
15037339	_synset_domain_topic_of	06051542
07755707	_hypernym	07755411
00223720	_derivationally_related_form	00471711
13565781	_derivationally_related_form	00095990
12501745	_member_meronym	12508077
13805734	_hypernym	06329506
08759420	_has_part	08759852
08995862	_instance_hypernym	08698379
00392950	_hypernym	00391599
01581070	_hypernym	01580467
02241184	_member_meronym	02244963
09031653	_member_of_domain_region	08344301
14365741	_derivationally_related_form	00093979
09797113	_hypernym	10756433
05508943	_hypernym	13872211
08893492	_instance_hypernym	09203827
02099029	_derivationally_related_form	01433809
01193714	_derivationally_related_form	04894204
11651259	_member_meronym	11659068
01938312	_hypernym	01921887
07343195	_derivationally_related_form	01081001
05534712	_hypernym	05534333
12213635	_member_meronym	12219875
08715390	_has_part	08715952
00881441	_derivationally_related_form	00785690
03024064	_derivationally_related_form	01730799
07411350	_hypernym	07351612
15022389	_hypernym	14736359
00566569	_verb_group	00566895
00062582	_derivationally_related_form	00253919
10829450	_instance_hypernym	10423589
00125629	_derivationally_related_form	01400044
14485249	_derivationally_related_form	00539936
01417041	_member_meronym	01417553
08570758	_has_part	08571275
12373361	_member_meronym	12373526
00493517	_hypernym	00493703
02526121	_hypernym	01428580
04005630	_hypernym	03111690
01409523	_synset_domain_topic_of	00471613
01798100	_derivationally_related_form	07496463
10207514	_derivationally_related_form	00086835
05584928	_has_part	05271814
02707429	_verb_group	02676789
02557461	_hypernym	01432517
02474777	_hypernym	02472293
01039330	_derivationally_related_form	10597505
10597505	_derivationally_related_form	01039330
01720491	_derivationally_related_form	09884666
00983333	_derivationally_related_form	07085786
11065345	_instance_hypernym	10444194
05673908	_hypernym	05679611
06593296	_hypernym	06589574
02498355	_member_meronym	02499178
02525866	_member_meronym	02526486
00539936	_hypernym	02339171
01485073	_hypernym	01432517
02248147	_member_meronym	02248744
02189670	_hypernym	02189363
03121897	_hypernym	04015204
02315309	_hypernym	08102555
12154773	_hypernym	13104059
02446014	_member_meronym	02446352
08921850	_has_part	08926543
01415162	_hypernym	01400044
08001685	_hypernym	00028651
11794267	_member_meronym	11795366
02673134	_derivationally_related_form	05659365
12743680	_member_meronym	12743823
14632648	_derivationally_related_form	00498530
14526182	_derivationally_related_form	02110552
01467504	_member_meronym	01467675
04668139	_hypernym	04667406
07532112	_hypernym	07531255
05580416	_hypernym	05543177
06880533	_hypernym	06879180
00601822	_derivationally_related_form	00180770
08722645	_instance_hypernym	09233715
04551205	_hypernym	02718259
10978098	_synset_domain_topic_of	08083599
00498530	_derivationally_related_form	14632648
05835162	_hypernym	05834758
01949218	_hypernym	01835496
03688943	_derivationally_related_form	02151966
01722828	_member_meronym	01723259
03420440	_derivationally_related_form	01679433
01635056	_derivationally_related_form	05634219
01499265	_hypernym	01494310
00086835	_derivationally_related_form	10207514
12745976	_member_meronym	12746106
13925550	_hypernym	13920835
01766952	_derivationally_related_form	10785333
01945845	_hypernym	01942177
00029836	_derivationally_related_form	06778925
13725726	_hypernym	13609507
02595702	_hypernym	02594552
01103836	_hypernym	00126264
00302861	_hypernym	00302394
03328650	_hypernym	03850746
08889191	_instance_hypernym	08633957
07313636	_hypernym	07301336
01347583	_hypernym	01342269
00501080	_has_part	00500280
09115315	_instance_hypernym	08524735
04894204	_derivationally_related_form	01193714
01723259	_member_meronym	01723425
01271107	_instance_hypernym	00956485
05008746	_derivationally_related_form	02621901
15030481	_hypernym	15022389
11805837	_member_meronym	11805956
04143712	_derivationally_related_form	01779165
05028159	_hypernym	05027529
07152948	_derivationally_related_form	02653651
07108123	_derivationally_related_form	02698944
04889337	_hypernym	04889162
12310153	_hypernym	11567411
05763412	_derivationally_related_form	00652346
01265989	_derivationally_related_form	04700642
01420765	_hypernym	01400044
13261916	_hypernym	13261779
05405324	_derivationally_related_form	00066977
04526112	_hypernym	04100620
03281935	_derivationally_related_form	00318816
11706325	_hypernym	13112664
05909384	_hypernym	05905348
02541431	_member_meronym	02541875
12836663	_member_meronym	12836862
01767199	_member_meronym	01788730
09305358	_hypernym	09257949
11977125	_hypernym	11579418
00857923	_derivationally_related_form	04634540
01425348	_verb_group	01424948
08605261	_instance_hypernym	08600992
00068901	_hypernym	00066397
01948446	_hypernym	01945845
05461179	_hypernym	05237227
01790739	_hypernym	01792097
12036368	_derivationally_related_form	00181434
12673178	_hypernym	11579418
07127252	_derivationally_related_form	01044533
04784142	_derivationally_related_form	00645493
02110552	_derivationally_related_form	14526182
00605086	_derivationally_related_form	00888796
00520881	_hypernym	00126264
08954611	_has_part	08955626
12957298	_member_meronym	12957467
09533048	_synset_domain_topic_of	15253139
01428011	_derivationally_related_form	00853649
09207288	_has_part	08955626
12898226	_member_meronym	12898342
12322887	_member_meronym	12339972
01218084	_verb_group	02556537
06102476	_derivationally_related_form	01680836
04222847	_hypernym	02817799
10295819	_derivationally_related_form	02488834
00774344	_derivationally_related_form	09873348
02463141	_hypernym	02461314
01399772	_member_meronym	01400575
09884666	_hypernym	10752480
02369633	_hypernym	02367363
14015361	_derivationally_related_form	01834485
04838727	_hypernym	04838510
04643662	_hypernym	04643221
02141973	_derivationally_related_form	06890846
01947543	_derivationally_related_form	02951358
02774630	_has_part	04333129
00189189	_derivationally_related_form	00381326
00691050	_hypernym	00671351
00900070	_hypernym	00899927
00211593	_derivationally_related_form	00486018
13806140	_hypernym	06329506
13082077	_hypernym	11594676
00355524	_hypernym	00075421
11942366	_hypernym	11579418
01301630	_has_part	01279615
02612393	_member_meronym	02613960
01648818	_member_meronym	01648993
09920901	_hypernym	09989502
07770180	_hypernym	07705931
11524662	_derivationally_related_form	00275088
13652066	_has_part	13651218
09533498	_instance_hypernym	09533048
11647131	_member_meronym	11647703
13902048	_hypernym	13864153
07828987	_hypernym	07810907
08427629	_member_meronym	03122295
00198793	_derivationally_related_form	02399331
01703023	_hypernym	01702514
04631700	_derivationally_related_form	00582145
06575932	_derivationally_related_form	00959827
10231515	_derivationally_related_form	08558155
07713895	_hypernym	07713395
02763609	_hypernym	02763740
01455986	_hypernym	01432517
03848348	_hypernym	03489162
00355524	_verb_group	00355365
00930368	_derivationally_related_form	05769833
01342124	_hypernym	01340439
12045695	_hypernym	11556857
09693809	_hypernym	09692624
09023321	_member_of_domain_region	08018189
08765069	_instance_hypernym	08633957
12310153	_member_meronym	12310349
07321517	_hypernym	07321247
01824244	_derivationally_related_form	05034225
00240754	_derivationally_related_form	10126177
11947079	_member_meronym	11947251
01208400	_derivationally_related_form	14915622
02749768	_hypernym	01207951
11695485	_hypernym	11571907
08761244	_has_part	08761868
04103918	_synset_domain_topic_of	04468005
08506932	_instance_hypernym	08506641
10502950	_hypernym	09853645
02156225	_hypernym	02154508
08910668	_has_part	08912703
12658846	_hypernym	12658118
01188485	_derivationally_related_form	07485475
12213635	_member_meronym	12217211
06048552	_derivationally_related_form	10384610
02495817	_hypernym	02495038
08955626	_has_part	08956461
08424951	_derivationally_related_form	02298160
01781274	_member_meronym	01781410
15218663	_hypernym	15216966
04784142	_hypernym	04723816
06449735	_has_part	06440937
14038482	_derivationally_related_form	02622859
02435689	_member_meronym	02436514
00970732	_derivationally_related_form	06674542
10511069	_derivationally_related_form	00090253
13726074	_hypernym	13609507
10172080	_derivationally_related_form	02621901
05634219	_derivationally_related_form	01635056
01946118	_member_meronym	01946277
08820121	_member_of_domain_region	10525878
02817799	_hypernym	04598582
14892289	_hypernym	14859838
01732270	_derivationally_related_form	15121625
02802544	_has_part	08590909
02711835	_hypernym	02711114
00389238	_hypernym	00146138
02475821	_member_meronym	02476219
03108623	_derivationally_related_form	06917083
11852255	_member_meronym	11852531
13123431	_derivationally_related_form	01570935
11020721	_instance_hypernym	10099093
02789770	_synset_domain_topic_of	08441203
12465796	_hypernym	11556187
12838027	_member_meronym	12860254
03365592	_hypernym	03536348
02436514	_hypernym	01864707
02234988	_derivationally_related_form	13286099
11911591	_member_meronym	11918631
02556623	_member_meronym	02557461
09705124	_hypernym	09634494
01937719	_member_meronym	01938155
07687789	_hypernym	07684600
01872094	_member_meronym	01872635
02642430	_member_meronym	02642935
01574801	_hypernym	01574045
08289089	_hypernym	08369406
11925140	_hypernym	11579418
08725454	_instance_hypernym	08524735
01057034	_hypernym	00778275
02006827	_member_meronym	02007161
02215966	_derivationally_related_form	08070850
03808977	_hypernym	02714883
07364434	_derivationally_related_form	01577093
02400760	_derivationally_related_form	08161068
02253766	_derivationally_related_form	09999532
09819291	_hypernym	09818343
04011409	_hypernym	02832168
02362798	_derivationally_related_form	04119892
13811900	_derivationally_related_form	01822724
11866078	_hypernym	11575425
00154778	_derivationally_related_form	00365709
10483138	_hypernym	09610660
02587761	_hypernym	01432517
01330822	_derivationally_related_form	03428805
00252430	_hypernym	00251013
07086323	_hypernym	05938976
05285623	_hypernym	05286536
00922594	_also_see	01344963
11460281	_synset_domain_topic_of	02958343
03762434	_hypernym	04061969
02535896	_hypernym	00126264
00812149	_hypernym	00811375
01745377	_derivationally_related_form	06389753
01374465	_hypernym	01374020
00365709	_derivationally_related_form	00154778
01185304	_hypernym	01166351
12473011	_hypernym	11561228
11743109	_member_meronym	11743294
02478059	_derivationally_related_form	10365984
14915622	_hypernym	14915184
06328643	_hypernym	06309383
10589243	_hypernym	10787470
00095990	_derivationally_related_form	13565781
02469588	_member_meronym	02501101
07398097	_hypernym	07371293
12370174	_hypernym	12651821
01261018	_derivationally_related_form	04229959
01876326	_hypernym	01874434
02957586	_derivationally_related_form	01581070
02302817	_derivationally_related_form	01116968
14359459	_derivationally_related_form	00003826
05434927	_has_part	05436080
06309383	_synset_domain_topic_of	06174404
00370412	_derivationally_related_form	05015463
12954353	_hypernym	11545714
00225150	_derivationally_related_form	02484570
00774107	_synset_domain_topic_of	08441203
07344233	_derivationally_related_form	01972976
10711483	_derivationally_related_form	00490968
12231192	_hypernym	13112664
00866606	_derivationally_related_form	02116777
11771383	_member_meronym	11771539
12099220	_member_meronym	12099342
06295235	_member_of_domain_usage	03257877
14447908	_derivationally_related_form	01170243
12813870	_hypernym	11579418
12443144	_hypernym	11561228
07849336	_hypernym	07843775
03560161	_hypernym	03265874
04717139	_hypernym	04716864
13313899	_hypernym	13308999
02426799	_hypernym	00126264
06344461	_derivationally_related_form	00976224
04839154	_hypernym	04850117
11911591	_member_meronym	11972141
01366718	_also_see	01148283
14907122	_hypernym	14951377
01095899	_hypernym	01095218
01990007	_hypernym	01989869
09552681	_synset_domain_topic_of	15253139
02818832	_derivationally_related_form	01500082
05530092	_hypernym	05288091
01719921	_derivationally_related_form	09840050
02512053	_has_part	02465929
06845599	_member_of_domain_usage	03806381
03838899	_hypernym	03228016
00863579	_derivationally_related_form	07083441
12637729	_member_meronym	12647560
00555447	_hypernym	00126264
02116568	_verb_group	02116777
09774167	_derivationally_related_form	00872886
03476684	_hypernym	03043958
12694707	_member_meronym	12698905
03262519	_hypernym	02997607
01985247	_derivationally_related_form	00617095
02998696	_hypernym	03069213
11455901	_synset_domain_topic_of	06070929
01822773	_member_meronym	01823279
08011266	_synset_domain_topic_of	00759694
00870312	_derivationally_related_form	00380424
01987727	_hypernym	01987545
08595720	_hypernym	08593262
06084469	_hypernym	06000400
12423565	_member_meronym	12464278
01322223	_hypernym	01256600
11864602	_member_meronym	11864906
11894770	_hypernym	11894327
13061704	_hypernym	13060190
09355850	_derivationally_related_form	01835103
00104249	_hypernym	00103834
08962610	_has_part	08962951
12111882	_member_meronym	12112008
09863238	_hypernym	10582154
09585434	_synset_domain_topic_of	09689152
13615036	_hypernym	13600822
01739263	_hypernym	01621555
01980993	_member_meronym	01981137
10383689	_derivationally_related_form	06158185
04322026	_derivationally_related_form	02329883
02134350	_hypernym	02133435
13521616	_derivationally_related_form	00504901
10551265	_synset_domain_topic_of	06371413
00591622	_hypernym	00586262
12667582	_hypernym	12667406
04956110	_derivationally_related_form	01021794
01911511	_member_meronym	01911839
02284951	_derivationally_related_form	13282161
01347431	_member_meronym	01347583
05656537	_derivationally_related_form	02129709
00351638	_hypernym	00351485
02356567	_derivationally_related_form	06688522
01351601	_hypernym	01351170
08920924	_has_part	08923755
11684739	_derivationally_related_form	00179567
01642671	_member_meronym	01643092
02591736	_hypernym	02538765
13431722	_derivationally_related_form	02621901
08764107	_has_part	08765460
01076793	_derivationally_related_form	04657876
01408383	_hypernym	01387617
01984547	_member_meronym	01984695
01313093	_member_meronym	01918010
01972976	_hypernym	01989053
01100567	_derivationally_related_form	07475107
01360937	_member_meronym	01361261
08435388	_has_part	08377806
01821727	_hypernym	01507175
05853636	_hypernym	05850823
07238694	_has_part	06394701
10851599	_instance_hypernym	10650162
01635432	_derivationally_related_form	05936704
11911591	_member_meronym	11952153
02557638	_hypernym	02557199
02400139	_member_meronym	02422249
13189844	_hypernym	11545714
02490219	_hypernym	02489589
03353281	_synset_domain_topic_of	03405725
08898187	_instance_hypernym	08524735
01963017	_member_meronym	01963136
14739360	_hypernym	14607521
01585523	_verb_group	00086320
02362798	_hypernym	02339413
01411630	_derivationally_related_form	04372171
01629589	_verb_group	02525447
09590495	_synset_domain_topic_of	07978423
02231930	_member_meronym	02232086
00291965	_derivationally_related_form	01921204
05514081	_hypernym	05513302
02584325	_hypernym	01432517
00188137	_verb_group	00188000
12647376	_hypernym	12641931
02573563	_member_meronym	02573704
12194776	_member_meronym	12201166
02793495	_hypernym	03322570
02149136	_member_meronym	02149297
15037339	_hypernym	00020090
04634540	_hypernym	04632157
06755776	_synset_domain_topic_of	06000644
02485631	_hypernym	02485451
08925287	_instance_hypernym	08633957
01787693	_member_meronym	01787835
04762355	_derivationally_related_form	00625393
03107152	_hypernym	03305135
04170515	_hypernym	04304375
09044862	_member_of_domain_region	13751829
07229530	_hypernym	07160883
06295235	_member_of_domain_usage	04446162
10760763	_derivationally_related_form	01015104
08644722	_has_part	08616050
08506641	_has_part	08648658
01920735	_member_meronym	01920939
11841529	_member_meronym	11852255
02033295	_derivationally_related_form	07411350
00329495	_hypernym	00328802
01896031	_has_part	02468617
10305635	_hypernym	10305802
07229747	_hypernym	07229530
07085786	_derivationally_related_form	00983333
01524885	_member_meronym	01566386
07049713	_hypernym	07048000
00646413	_also_see	02271544
12514324	_member_meronym	12514592
00030010	_hypernym	00031820
09193772	_instance_hypernym	09221070
01687441	_member_meronym	01687665
00528608	_hypernym	00528339
08303504	_derivationally_related_form	00369194
05853636	_derivationally_related_form	02170427
02208118	_synset_domain_topic_of	01090446
06115701	_hypernym	06115476
05982915	_derivationally_related_form	00724492
12365670	_member_meronym	12366313
00396325	_synset_domain_topic_of	00017222
05028700	_hypernym	05026843
00865958	_derivationally_related_form	07233996
00267855	_derivationally_related_form	00353469
04863358	_hypernym	04863074
12339972	_hypernym	11562747
01649999	_verb_group	01771390
00313987	_verb_group	00311338
00424691	_derivationally_related_form	06682494
11653323	_hypernym	11554175
09195615	_instance_hypernym	09334396
00146856	_hypernym	00146572
05689109	_hypernym	05686955
06169050	_has_part	06180720
04083468	_derivationally_related_form	00260648
00888796	_derivationally_related_form	00605086
03376279	_derivationally_related_form	01277974
01313093	_member_meronym	01908287
05677504	_hypernym	05675905
05982915	_hypernym	05982152
13620154	_hypernym	13615036
06934389	_hypernym	06934132
01081152	_derivationally_related_form	10379620
00132756	_derivationally_related_form	01409523
02139883	_derivationally_related_form	06888345
06389753	_hypernym	06389553
01938312	_member_meronym	01938454
01338113	_derivationally_related_form	14627820
00289388	_derivationally_related_form	01901133
01468097	_derivationally_related_form	14473655
01707925	_synset_domain_topic_of	05718556
13659162	_has_part	13658998
03863262	_hypernym	03121897
03368141	_hypernym	03169390
08780018	_instance_hypernym	08633957
02647503	_member_meronym	02647903
02558172	_hypernym	02452885
12136944	_member_meronym	12137120
11418460	_hypernym	00034213
08766988	_has_part	08774073
09896170	_derivationally_related_form	06780069
11911591	_member_meronym	11942366
13248928	_derivationally_related_form	02209261
01018928	_derivationally_related_form	06770875
01981137	_member_meronym	01981276
14832193	_has_part	14964129
09051235	_has_part	09137869
13722757	_hypernym	13716878
00725274	_hypernym	01767949
03912218	_hypernym	03343354
07647496	_hypernym	07646927
03368141	_hypernym	07938773
01467504	_hypernym	01466828
05505131	_hypernym	05462315
01892608	_hypernym	01835496
04421872	_hypernym	03733925
07157273	_member_of_domain_usage	00846021
10633450	_derivationally_related_form	02151700
02765692	_hypernym	02765464
02083087	_derivationally_related_form	14863521
02185973	_member_meronym	02187759
10826352	_instance_hypernym	09920283
05027837	_hypernym	05027529
01958868	_hypernym	01958615
02619861	_hypernym	02554730
02209261	_derivationally_related_form	13248928
12744850	_has_part	07763290
06028904	_synset_domain_topic_of	06018465
02149297	_member_meronym	02149420
11870607	_hypernym	11575425
02369633	_derivationally_related_form	05059830
00810729	_derivationally_related_form	00740712
04229959	_derivationally_related_form	01261018
11719468	_member_meronym	11727976
09769929	_hypernym	10215623
11313507	_instance_hypernym	10084635
15138241	_hypernym	15137890
02503803	_derivationally_related_form	00206302
09454412	_derivationally_related_form	01462928
01195804	_derivationally_related_form	00742645
06890846	_hypernym	06887726
00061933	_derivationally_related_form	00674158
07047011	_hypernym	07037465
00499924	_has_part	00500280
02616627	_derivationally_related_form	14302261
11627028	_member_meronym	11627168
12464649	_hypernym	12464476
08011266	_instance_hypernym	08392137
12723985	_member_meronym	12731202
00858377	_derivationally_related_form	00015303
00504901	_derivationally_related_form	15015501
04074329	_derivationally_related_form	01619725
11605708	_member_meronym	11607071
01382273	_member_meronym	01382839
00328327	_derivationally_related_form	02494356
10122300	_hypernym	00007846
06295235	_member_of_domain_usage	03357081
04071393	_synset_domain_topic_of	08199025
06203758	_hypernym	06201908
02235761	_member_meronym	02235911
01926090	_hypernym	01921559
00307314	_hypernym	00306900
12488454	_has_part	11689197
12611243	_member_meronym	12611479
